AccessCheckerImplSpec	5	0	0	0
AclDirectiveSpec	15	0	0	0
AdminUsageRoutesSpec	9	0	0	0
AdminUsageServiceSpec	6	0	0	0
AdminUsageTotalsSpec	7	0	0	0
AgentMemoryRepositorySpec	15	0	0	0
AgentMemoryRoutesSpec	13	0	0	0
AgentMemoryServiceSpec	11	0	0	0
AgentPreferencesRepositorySpec	5	0	0	0
AgentPreferencesRoutesSpec	7	0	0	0
AgentPreferencesServiceSpec	11	0	0	0
AggregateFnDocDriftSpec	2	0	0	0
AggregateStepSpec	34	0	0	0
AggregatorRegressionSpec	11	0	0	0
AiPipelineQuotaGateSpec	5	0	0	0
AlertEvaluationServiceSpec	34	0	0	0
AlertEventRepositorySpec	19	0	0	0
AlertEventRoutesSpec	18	0	0	0
AlertEventServiceSpec	12	0	0	0
AlertEventStateMachineSpec	16	0	0	0
AlertRuleRepositorySpec	12	0	0	0
AlertRuleRoutesSpec	18	0	0	0
AlertRuleServiceSpec	19	0	0	0
AnalyzeSchemaSharedDefsSpec	9	0	0	0
AnalyzeSchemaWarningsSpec	65	0	0	0
AnalyzeWithAiConfigSpec	13	0	0	0
AnalyzeWithAiStepSpec	21	0	0	0
ApiRoutesAlertHistoryWiringSpec	2	0	0	0
ApiRoutesCorsErrorHandlingSpec	8	0	0	0
ApiRoutesPipelineRunGuardSpec	4	0	0	0
ApiRoutesSpec	172	0	0	0
ApiTokenAuthSpec	25	0	0	0
AssertStepSpec	38	0	0	0
AssistantConversationRepositorySpec	16	0	0	0
AssistantConversationRoutesSpec	17	0	0	0
AssistantConversationServiceSpec	17	0	0	0
AssistantDailyUsageRepositorySpec	9	0	0	0
AssistantProposalToolSchemasSpec	24	0	0	0
AssistantServiceSpec	20	0	0	0
AssistantSystemPromptSpec	17	0	0	0
AssistantTelemetrySpec	5	0	0	0
AssistantToolExecutorSpec	27	0	0	0
AuditEventRepositorySpec	12	0	0	0
AuditEventRoutesSpec	10	0	0	0
AuditEventsAppendOnlySpec	16	0	0	0
AuditMutationInstrumentationSpec	33	0	0	0
AuditServiceSpec	4	0	0	0
AuthDirectivesSpec	21	0	0	0
AuthServiceSpec	13	0	0	0
AuthoringConversationRepositorySpec	12	0	0	0
AuthoringTelemetrySpec	13	0	0	0
AutoLayoutRouteSpec	13	0	0	0
AutoRunGuardBurstProofSpec	3	0	0	0
AutoRunGuardNoRetryStormSpec	1	0	0	0
AutoRunTriggerServiceSpec	16	0	0	0
BetaAccessRoutesSpec	9	0	0	0
BetaAccessServiceSpec	11	0	0	0
BinaryRefRepositorySpec	7	0	0	0
BinaryRefsMigrationSpec	2	0	0	0
CastPipelineRunSpec	2	0	0	0
CastRuntimeParitySpec	12	0	0	0
CastStepSpec	50	0	0	0
CastSupportedTargetsSpec	1	0	0	0
CastTargetWriteRoutesSpec	4	0	0	0
ChunkByTokenCountStepSpec	16	0	0	0
ClaudeAiStepClientSpec	4	0	0	0
ClaudeClientSpec	32	0	0	0
ClaudeConfigSpec	12	0	0	0
ClaudeProtocolSpec	10	0	0	0
ClaudeRoutesChatGateSpec	12	0	0	0
ClaudeStreamAssemblySpec	7	0	0	0
CombinedApplyProposalDanglingRefSpec	4	0	0	0
CombinedApplyProposalFormSpec	4	0	0	0
CombinedApplyProposalRegressionSpec	2	0	0	0
CombinedApplyProposalRollbackSpec	2	0	0	0
CombinedApplyProposalSpec	3	0	0	0
CombinedProposalServiceValidateSpec	4	0	0	0
ComputeCoalesceCsvSpec	2	0	0	0
ComputeExpressionRunSpec	2	0	0	0
ComputeOptionalTypeAnalyzeSpec	6	0	0	0
ComputeStepSpec	9	0	0	0
ConnectorAuthShapeSpec	5	0	0	0
ConnectorCompletionServiceClampExpirySpec	8	0	0	0
ConnectorCompletionServiceSpec	18	0	0	0
ConnectorCompletionTokenSpec	5	0	0	0
ConnectorCredentialRepositorySpec	9	0	0	0
ConnectorEntityRoutesSpec	17	0	0	0
ConnectorRegistrySpec	13	0	0	0
ConnectorRepositorySpec	18	0	0	0
ConnectorRoutesSpec	5	0	0	0
ConnectorSpec	6	0	0	0
ConnectorSummaryCredentialAbsenceSpec	2	0	0	0
ContentSourceSupportSpec	34	0	0	0
ConvertFormatStepSpec	69	0	0	0
CookieConfigSpec	5	0	0	0
CounterEventRowModelSpec	5	0	0	0
CreatePlacementSpec	6	0	0	0
CreateSourceEnvelopeSpec	5	0	0	0
CreateStepConfigNonRegressionSpec	7	0	0	0
CredentialSurfaceEnumerationSpec	2	0	0	0
CronScheduleSpec	12	0	0	0
CsvBlankCellsNullSnapshotSpec	6	0	0	0
CsvBlankCellsNullSpec	10	0	0	0
CsvBlankCellsNullStepsSpec	22	0	0	0
CsvBlankCellsNullWorkspaceSpec	1	0	0	0
CsvLimitsSpec	12	0	0	0
CsvUploadLimitsRoutesSpec	17	0	0	0
CsvUrlFetchSpec	20	0	0	0
DashboardApplyProposalBindingSpec	4	0	0	0
DashboardApplyProposalConfigSpec	2	0	0	0
DashboardApplyProposalControlsSpec	3	0	0	0
DashboardApplyProposalFormSeamSpec	1	0	0	0
DashboardApplyProposalFormSpec	11	0	0	0
DashboardApplyProposalSpec	7	0	0	0
DashboardAuthoringParsingSpec	10	0	0	0
DashboardAuthoringPromptSpec	8	0	0	0
DashboardAuthoringRoutesSpec	7	0	0	0
DashboardAuthoringServiceSpec	24	0	0	0
DashboardContentsReplaceSpec	5	0	0	0
DashboardGetOrCreateSpec	7	0	0	0
DashboardLayoutRepairRlsSpec	5	0	0	0
DashboardLayoutRepairRoutesSpec	17	0	0	0
DashboardLayoutRepairSeamSpec	6	0	0	0
DashboardLayoutValidationSpec	28	0	0	0
DashboardModelSpec	1	0	0	0
DashboardPanelAclSpec	41	0	0	0
DashboardProposalProtocolSpec	24	0	0	0
DashboardProposalServiceValidateSpec	4	0	0	0
DashboardServiceLayoutPolicySpec	3	0	0	0
DashboardSnapshotValidationSpec	5	0	0	0
DataFieldTypeSpec	5	0	0	0
DataSourceConfigCodecSpec	4	0	0	0
DataSourceCsvSupportSpec	2	0	0	0
DataSourceProtocolSpec	38	0	0	0
DataSourceReferenceGuardNonSuperuserSpec	30	0	0	0
DataSourceRepositoryApplyWriteBacksRlsSpec	3	0	0	0
DataSourceRepositoryApplyWriteBacksSpec	4	0	0	0
DataSourceRepositorySpec	51	0	0	0
DataSourceRoutesSpec	146	0	0	0
DataSourceServiceCsvUrlSpec	11	0	0	0
DataSourceServiceDeniedPipelinesSpec	9	0	0	0
DataSourceServiceRestartPersistenceSpec	3	0	0	0
DataSourceServiceSpec	63	0	0	0
DataSourceSpec	10	0	0	0
DatabaseConnectionTimeoutSpec	1	0	0	0
DatasetFieldDeclarationSpec	5	0	0	0
DatasetRowValidatorSpec	14	0	0	0
DatasetRowsReaderBehaviorPreservingSpec	1	0	0	0
DatasetSchemaMigrationSpec	32	0	0	0
DatasetWriteAutoRunCoalescingSpec	3	0	0	0
DatasetWriteAutoRunEndToEndSpec	5	0	0	0
DatasetWriteSubmitLatencySpec	6	0	0	0
DateBucketStepSpec	14	0	0	0
DbContextSpec	7	0	0	0
DevEnvSpec	7	0	0	0
EmbeddedPostgresStartGuardSpec	12	0	0	0
EncryptedSecretBackendSpec	11	0	0	0
ExistenceNotLeakedRoutesSpec	61	0	0	0
ExpressionEvaluatorSpec	117	0	0	0
ExpressionUnaryMinusSpec	16	0	0	0
ExtractHeadingsStepSpec	10	0	0	0
FilterStepSpec	14	0	0	0
FireTimeRunConfigGateSpec	10	0	0	0
FirstRunDashboardServiceRollbackSpec	4	0	0	0
FirstRunLayoutValiditySpec	4	0	0	0
FirstRunPlannerSpec	13	0	0	0
FirstRunRoutesSpec	7	0	0	0
FlywayNonSuperuserMigrationSpec	1	0	0	0
FormPanelRoundTripSpec	22	0	0	0
FormPanelSpec	30	0	0	0
FormSchemaConsistencySpec	18	0	0	0
FormSubmissionSpec	30	0	0	0
FormSubmitRoutesSpec	29	0	0	0
GcsFileSystemSpec	14	0	0	0
GenerateTextConfigSpec	9	0	0	0
GenerateTextStepSpec	17	0	0	0
GoogleOAuthRoutesSpec	17	0	0	0
Hel914Ac1EndToEndSpec	1	0	0	0
HistoryBaselineAfterThinningSpec	6	0	0	0
HistoryBaselineSpec	14	0	0	0
HookRoutesSpec	7	0	0	0
HttpClaudeTransportSpec	11	0	0	0
HttpResendEmailSenderSpec	4	0	0	0
ImageFitValidationSpec	8	0	0	0
ImageSourceSupportSpec	7	0	0	0
InMemoryRateLimiterSpec	5	0	0	0
InProcessPipelineEngineSpec	193	0	0	0
InProcessPipelineEngineTreeWalkSpec	28	0	0	0
InProcessPipelineEngineUrlRefetchSpec	8	0	0	0
InviteCodeRepositorySpec	9	0	0	0
JoinColumnCollisionSpec	40	0	0	0
JoinColumnNamingSpec	13	0	0	0
JoinStepConfigSeamSpec	3	0	0	0
JsonFlattenerSpec	11	0	0	0
LayoutPolicySpec	11	0	0	0
LayoutReflowSpec	5	0	0	0
LayoutValidatorSpec	27	0	0	0
LegacyOutputConfigKeysParitySpec	1	0	0	0
LegacyOutputConfigKeysSpec	7	0	0	0
LocalFileSystemSpec	17	0	0	0
LookupColumnCollisionSpec	24	0	0	0
Lz4CodecSpec	2	0	0	0
MapAwareJsonFlatteningSpec	18	0	0	0
MfaApiRoutesSpec	17	0	0	0
MfaServiceSpec	19	0	0	0
MultiRootIsolationSpec	3	0	0	0
NestedJsonFlatteningSymmetrySpec	6	0	0	0
NewConnectorInferenceSpec	2	0	0	0
NodeDependencyClosureSpec	8	0	0	0
NodePayloadHistoryRetentionSpec	8	0	0	0
NodePayloadHistoryRlsSpec	10	0	0	0
NodePayloadHistoryWriteSpec	13	0	0	0
NodePayloadTrimPurgeLockOrderSpec	5	0	0	0
NodePayloadWiringSpec	2	0	0	0
NodeSnapshotOverwriteRowsWithSpec	3	0	0	0
NumericOpOnTextFieldWarningSpec	15	0	0	0
OAuthStateRepositorySpec	10	0	0	0
OutputBindingSpecSpec	11	0	0	0
OutputCompareSpec	7	0	0	0
OutputCompareWriteValidationSpec	6	0	0	0
OutputConfigKeyValidationSpec	9	0	0	0
OutputConfigValidationSpec	18	0	0	0
OutputControlEligibilitySpec	8	0	0	0
OutputControlsValidatorWiringSpec	2	0	0	0
OutputFilterCapabilitySpec	6	0	0	0
OutputFilteredMetricMeasurementSpec	1	0	0	0
OutputFilteredMetricRoutesSpec	19	0	0	0
OutputHistoryBatchedThinSpec	5	0	0	0
OutputHistoryCostMeasurementSpec	1	0	0	0
OutputHistoryMetricIdentityRoutesSpec	4	0	0	0
OutputHistoryPayloadPublicRoutesSpec	2	0	0	0
OutputHistoryPayloadRoutesSpec	7	0	0	0
OutputHistoryPayloadsAvailableSpec	11	0	0	0
OutputHistoryPublicRoutesSpec	5	0	0	0
OutputHistoryQueryCountSpec	3	0	0	0
OutputHistoryRepositorySpec	24	0	0	0
OutputHistoryRetentionConfigSpec	7	0	0	0
OutputHistoryRetentionPrivilegedSpec	2	0	0	0
OutputHistoryRetentionServiceSpec	12	0	0	0
OutputHistoryRlsSpec	7	0	0	0
OutputHistoryRoutesSpec	24	0	0	0
OutputPanelSpec	14	0	0	0
OutputRepositoryRequiredSpec	5	0	0	0
OutputRoutesSpec	101	0	0	0
OutputSummaryReducerSeamSpec	70	0	0	0
OutputSummaryReducerSpec	31	0	0	0
OwnerIdGuardSpec	6	0	0	0
PaginationSpec	9	0	0	0
PanelAppearanceMergeSpec	13	0	0	0
PanelAppearanceWireGoldenSpec	5	0	0	0
PanelBatchCreateSpec	10	0	0	0
PanelCapabilityServiceSpec	5	0	0	0
PanelControlsValidationSpec	45	0	0	0
PanelCreatePlacementSpec	20	0	0	0
PanelCreateSeamSpec	5	0	0	0
PanelPackerSpec	13	0	0	0
PanelRowMapperSpec	11	0	0	0
PanelServiceBatchUpdateErrorSpec	1	0	0	0
PanelServiceBuildAllForCreateSpec	5	0	0	0
PanelServiceDefaultLayoutSpec	10	0	0	0
PanelServiceOutputBindingSpec	7	0	0	0
PanelServiceOutputControlsSpec	5	0	0	0
PanelSpec	36	0	0	0
PanelTypeSpec	15	0	0	0
PassthroughShapeSpec	5	0	0	0
PatchSetApplyFormCreateSpec	7	0	0	0
PatchSetApplyServiceSpec	49	0	0	0
PatchSetPipelineCreateOrphanSourceSpec	5	0	0	0
PatchSetPipelineCreateStepConfigSpec	4	0	0	0
PatchSetPreviewOutputContextSpec	5	0	0	0
PatchSetPreviewProjectionStepsUpsertSourceSpec	2	0	0	0
PatchSetPreviewRoutesSpec	4	0	0	0
PatchSetPreviewServiceSpec	18	0	0	0
PatchSetProtocolSpec	28	0	0	0
PatchSetRoutesSpec	1	0	0	0
PatchSetStepCreateConfigRoutesSpec	3	0	0	0
PatchSetUndoDeadOutputKeysSpec	3	0	0	0
PatchSetUndoInverseSpec	6	0	0	0
PatchSetUndoLaneSpec	5	0	0	0
PatchSetUndoPanelDashboardSpec	5	0	0	0
PatchSetUndoRefusalSpec	5	0	0	0
PatchSetUndoRepoWiringSpec	1	0	0	0
PatchSetUndoRoutesSpec	4	0	0	0
PayloadHistoryConfigSpec	7	0	0	0
PayloadOptInWriteValidationSpec	3	0	0	0
PdfTextSupportSpec	5	0	0	0
PersonaTemplateRoutesSpec	8	0	0	0
PersonaTemplatesSpec	31	0	0	0
PinnedPoolReuseSpec	7	0	0	0
PipelineAclSpec	22	0	0	0
PipelineAnalyzeAnalyzeWithAiSpec	1	0	0	0
PipelineAnalyzeCanRunRoutesSpec	3	0	0	0
PipelineAnalyzeConciseByteBudgetSpec	1	0	0	0
PipelineAnalyzeConvertFormatSpec	1	0	0	0
PipelineAnalyzeGenerateTextSpec	4	0	0	0
PipelineAnalyzeJoinCollisionSpec	3	0	0	0
PipelineAnalyzeProposalRoutesSpec	18	0	0	0
PipelineAnalyzeRoutesSpec	28	0	0	0
PipelineAnalyzeSchemaWarningsSpec	13	0	0	0
PipelineAnalyzeServiceSpec	134	0	0	0
PipelineAnalyzeUpsertSourceSpec	2	0	0	0
PipelineApplyProposalRollbackSpec	9	0	0	0
PipelineApplyProposalSpec	11	0	0	0
PipelineApplyProposalUpsertTargetSpec	2	0	0	0
PipelineAutoRunDebounceRepositorySpec	10	0	0	0
PipelineCapabilitiesRoutesSpec	11	0	0	0
PipelineCostEstimatorSpec	18	0	0	0
PipelineCreateInlineSourceCleanupSpec	3	0	0	0
PipelineCreateOrphanSourceRoutesSpec	9	0	0	0
PipelineCreateStepConfigRoutesSpec	9	0	0	0
PipelineCreateTransactionalSpec	25	0	0	0
PipelineCycleDetectionServiceSpec	25	0	0	0
PipelineCycleGraphQueriesSpec	5	0	0	0
PipelineCycleRouteStatusSpec	4	0	0	0
PipelineCycleValidatorSpec	10	0	0	0
PipelineInlineSqlShapeSpec	4	0	0	0
PipelineOnlyPanelBindingMigrationSpec	5	0	0	0
PipelineProposalProtocolSpec	16	0	0	0
PipelineProposalServiceRestConfigSpec	7	0	0	0
PipelineProposalServiceValidateSpec	10	0	0	0
PipelineRepositoryRunTransactionallyRlsSpec	1	0	0	0
PipelineRepositorySpec	23	0	0	0
PipelineRootRoutesSpec	15	0	0	0
PipelineRowJsonSpec	3	0	0	0
PipelineRunCacheSpec	8	0	0	0
PipelineRunCrossInstanceSpec	6	0	0	0
PipelineRunGuardIntegrationSpec	10	0	0	0
PipelineRunGuardRepositorySpec	11	0	0	0
PipelineRunNotifyBusSpec	4	0	0	0
PipelineRunRegistrySpec	6	0	0	0
PipelineRunRepositorySpec	38	0	0	0
PipelineRunRoutesSpec	52	0	0	0
PipelineRunServiceAiStepClientWiringSpec	4	0	0	0
PipelineRunServiceAlertBaselineSpec	1	0	0	0
PipelineRunServiceOutputHistorySpec	8	0	0	0
PipelineRunServiceSpec	87	0	0	0
PipelineRunServiceTerminalOrderingSpec	10	0	0	0
PipelineRunServiceUpsertSourceRlsSpec	2	0	0	0
PipelineRunServiceUpsertSourceSpec	10	0	0	0
PipelineScheduleRepositorySpec	7	0	0	0
PipelineScheduleRoutesSpec	16	0	0	0
PipelineScheduleServiceSpec	24	0	0	0
PipelineSchedulerServiceMaintenanceHooksSpec	3	0	0	0
PipelineSchedulerServiceSpec	8	0	0	0
PipelineSchemaDriftSpec	9	0	0	0
PipelineServiceAddressFormatSpec	5	0	0	0
PipelineServiceCanRunSpec	8	0	0	0
PipelineServiceInlineRestBodySpec	1	0	0	0
PipelineShapeProtocolSpec	4	0	0	0
PipelineShapeRoutesSpec	7	0	0	0
PipelineShapeServiceSpec	3	0	0	0
PipelineShapeSpec	8	0	0	0
PipelineSharingAclSpec	17	0	0	0
PipelineStepCatalogProtocolSpec	3	0	0	0
PipelineStepCatalogRoutesSpec	1	0	0	0
PipelineStepCatalogServiceSpec	7	0	0	0
PipelineStepConfigCodecSpec	72	0	0	0
PipelineStepProtocolSpec	9	0	0	0
PipelineStepRegistryCatalogSpec	4	0	0	0
PipelineStepReparentRoutesSpec	11	0	0	0
PipelineStepRepositorySpec	11	0	0	0
PipelineStepRepositorySpliceSpec	29	0	0	0
PipelineStepRepositoryTreeOrderingSpec	12	0	0	0
PipelineStepRequiredConfigSpec	32	0	0	0
PipelineStepRootIdPlacementRoutesSpec	10	0	0	0
PipelineStepRoutesSpec	93	0	0	0
PipelineStepSecondSourceGuardSpec	2	0	0	0
PipelineStepSpec	8	0	0	0
PipelineStepsOpCheckOwnershipRequiredSpec	1	0	0	0
PipelineStepsOpCheckSeededRowsSpec	1	0	0	0
PivotMatrixShapeEngineSpec	2	0	0	0
PivotMatrixShapeSpec	20	0	0	0
ProductEventMonthlyActiveSpec	3	0	0	0
ProductEventRegistrySpec	15	0	0	0
ProductEventRepositorySpec	17	0	0	0
ProductEventRollupServiceSpec	7	0	0	0
ProductEventRoutesSpec	8	0	0	0
ProductUsageRepositoryRoleSpec	5	0	0	0
ProposalControlsSpec	9	0	0	0
ProposalRestApiConfigSpec	8	0	0	0
ProvenanceRoutesSpec	3	0	0	0
ProvenanceServiceSpec	12	0	0	0
PublicDashboardRoutesSpec	23	0	0	0
PublicPathRlsSmokeSpec	3	0	0	0
PublicProvenanceRoutesSpec	5	0	0	0
PublicRouteOwnerIdLeakSpec	8	0	0	0
RateLimitDirectiveSpec	9	0	0	0
RefinementEditShapeSpec	21	0	0	0
RefinementRoutesSpec	4	0	0	0
RefinementServiceSpec	8	0	0	0
ResourceTagMigrationSpec	6	0	0	0
ResourceTaggingSpec	7	0	0	0
RestApiConfigPayloadToDomainSpec	5	0	0	0
RestApiConfigSpec	9	0	0	0
RestApiConnectorDriverBodySpec	9	0	0	0
RestApiConnectorDriverConnectorResolutionSpec	4	0	0	0
RestApiConnectorDriverKindGuardSpec	2	0	0	0
RestApiConnectorDriverPendingGuardSpec	3	0	0	0
RestApiConnectorDriverQueryParamsSpec	6	0	0	0
RestApiConnectorDriverTemplatingSpec	18	0	0	0
RestApiConnectorSpec	20	0	0	0
RestConnectorEgressGuardSpec	36	0	0	0
RestSourceConnectorMigrationSpec	5	0	0	0
RestSourceConstructionSiteSpec	3	0	0	0
RetentionLockGuardSpec	3	0	0	0
RlsOwnerTablesSpec	32	0	0	0
RlsPolicyGuardSpec	119	0	0	0
RlsPrivilegedDmlSpec	17	0	0	0
RlsSharingAwareTablesSpec	16	0	0	0
RouteTestBaseGuardSpec	4	0	0	0
RowWriteResponseDenyReasonCoverageSpec	13	0	0	0
ScalaTestSummaryGuardSpec	8	0	0	0
SchemaFieldJsonFormatTolerantReadSpec	4	0	0	0
SchemaFieldRealDumpInvariantSpec	1	0	0	0
SchemaFieldStructuralGuardSpec	5	0	0	0
SchemaInferenceEngineSpec	64	0	0	0
SchemaInferenceFacadeSpec	6	0	0	0
SchemaInferenceRegressionSpec	4	0	0	0
SecretFieldSpec	7	0	0	0
ShareTokenAuthenticatedAccessSpec	4	0	0	0
ShareTokenGenerationSpec	4	0	0	0
ShareTokenOwnershipSpec	7	0	0	0
ShareTokenPublicAccessSpec	4	0	0	0
ShareTokenRepositoryRevokeSpec	2	0	0	0
ShareTokenRlsSpec	5	0	0	0
ShareTokenServiceSpec	8	0	0	0
ShareTokenValidatorSpec	6	0	0	0
SingleRowShapeEngineSpec	2	0	0	0
SingleRowShapeSpec	20	0	0	0
SortStepSpec	9	0	0	0
SourceServiceBareUrlParametersSpec	1	0	0	0
SourceServiceBareUrlQueryParamsSpec	1	0	0	0
SourceServiceSpec	33	0	0	0
SparkJobSubmitterSpec	17	0	0	0
SplitTextStepSpec	17	0	0	0
SqlConnectorConfigShapeSpec	27	0	0	0
SqlConnectorEgressGuardSpec	15	0	0	0
SqlConnectorRebindingSpec	7	0	0	0
SqlConnectorSpec	25	0	0	0
SqlConnectorTlsSpec	3	0	0	0
SqlEgressSocketFactoriesSpec	11	0	0	0
SseReconnectGapProbeSpec	2	0	0	0
StepConfigErrorClassificationSpec	25	0	0	0
StepConfigInvalidRoutesSpec	12	0	0	0
StepEnumWriteValidationSpec	18	0	0	0
StepGroupSpec	3	0	0	0
StructuredJsonLoggingSpec	5	0	0	0
TimeSeriesShapeEngineSpec	1	0	0	0
TimeSeriesShapeSpec	14	0	0	0
TopNShapeEngineSpec	3	0	0	0
TopNShapeSpec	14	0	0	0
TotpSupportSpec	16	0	0	0
TraceContextDirectiveSpec	11	0	0	0
TriggerSourceMigrationSpec	3	0	0	0
UploadRoutesSpec	12	0	0	0
UpsertSourceConfigSpec	29	0	0	0
UpsertSourceStepSpec	7	0	0	0
UpsertTargetWritableRlsSpec	7	0	0	0
UpsertTargetWritableRoutesSpec	16	0	0	0
UserTierConfigSpec	7	0	0	0
UserTierMigrationSpec	6	0	0	0
UserTierSpec	8	0	0	0
V100ZeroRootGuardNonSuperuserSpec	12	0	0	0
V106DatasetRowsMigrationSpec	1	0	0	0
V114BackfillSignupEventsSpec	3	0	0	0
V117DeadOutputConfigKeysMigrationSpec	1	0	0	0
V118LegacyMetricFormatMigrationSpec	1	0	0	0
V119OwnerFkMigrationSpec	15	0	0	0
V94OutputsMigrationSpec	33	0	0	0
V96CanonicalizeInferredSchemaTypeMigrationSpec	1	0	0	0
V98PipelineRootsMigrationSpec	11	0	0	0
V99PreventZeroRootPipelinesMigrationSpec	4	0	0	0
VerifiedEmbeddedPostgresSpec	5	0	0	0
WorkspaceAssistantToolsSpec	4	0	0	0
WorkspaceContextServiceAgentContextSpec	6	0	0	0
WorkspaceContextServiceApplyBudgetSpec	15	0	0	0
WorkspaceContextServiceClassifySemanticRoleSpec	21	0	0	0
WorkspaceContextServiceComputeColumnStatsSpec	35	0	0	0
WorkspaceContextServiceComputeJoinHintsSpec	12	0	0	0
WorkspaceContextServicePanelCountSpec	3	0	0	0
WorkspaceContextServiceSanitizeSampleRowsSpec	8	0	0	0
WorkspaceContextServiceSpec	38	0	0	0
WorkspaceSearchServiceSpec	22	0	0	0
WorkspaceTeardownServiceSpec	11	0	0	0
TOTAL	6659	0	0	0	suites=484
