DevEnvSpec	7	0	0	0
com.helio.api.ApiRoutesAlertHistoryWiringSpec	2	0	0	0
com.helio.api.ApiRoutesCorsErrorHandlingSpec	8	0	0	0
com.helio.api.ApiRoutesPipelineRunGuardSpec	4	0	0	0
com.helio.api.ApiRoutesSpec	172	0	0	0
com.helio.api.ApiTokenAuthSpec	25	0	0	0
com.helio.api.AuditMutationInstrumentationSpec	33	0	0	0
com.helio.api.NodePayloadWiringSpec	2	0	0	0
com.helio.api.OutputHistoryPayloadsAvailableSpec	11	0	0	0
com.helio.api.http.AccessCheckerImplSpec	5	0	0	0
com.helio.api.http.AclDirectiveSpec	15	0	0	0
com.helio.api.http.AuthDirectivesSpec	21	0	0	0
com.helio.api.http.CookieConfigSpec	5	0	0	0
com.helio.api.http.ExistenceNotLeakedRoutesSpec	61	0	0	0
com.helio.api.http.RateLimitDirectiveSpec	9	0	0	0
com.helio.api.http.ShareTokenAuthenticatedAccessSpec	4	0	0	0
com.helio.api.http.TraceContextDirectiveSpec	11	0	0	0
com.helio.api.protocols.AggregatorRegressionSpec	11	0	0	0
com.helio.api.protocols.assistant.AssistantProposalToolSchemasSpec	24	0	0	0
com.helio.api.protocols.panels.PanelAppearanceWireGoldenSpec	5	0	0	0
com.helio.api.protocols.patchsets.PatchSetProtocolSpec	28	0	0	0
com.helio.api.protocols.pipelines.PipelineProposalProtocolSpec	16	0	0	0
com.helio.api.protocols.pipelines.PipelineShapeProtocolSpec	4	0	0	0
com.helio.api.protocols.pipelines.PipelineStepCatalogProtocolSpec	3	0	0	0
com.helio.api.protocols.pipelines.PipelineStepConfigCodecSpec	72	0	0	0
com.helio.api.protocols.pipelines.PipelineStepProtocolSpec	9	0	0	0
com.helio.api.protocols.pipelines.PipelineStepSecondSourceGuardSpec	2	0	0	0
com.helio.api.protocols.pipelines.ProposalRestApiConfigSpec	8	0	0	0
com.helio.api.protocols.proposals.DashboardProposalProtocolSpec	24	0	0	0
com.helio.api.protocols.sources.ConnectorSummaryCredentialAbsenceSpec	2	0	0	0
com.helio.api.protocols.sources.DataSourceConfigCodecSpec	4	0	0	0
com.helio.api.protocols.sources.DataSourceProtocolSpec	38	0	0	0
com.helio.api.protocols.sources.ImageFitValidationSpec	8	0	0	0
com.helio.api.protocols.sources.RestApiConfigPayloadToDomainSpec	5	0	0	0
com.helio.api.protocols.sources.RowWriteResponseDenyReasonCoverageSpec	13	0	0	0
com.helio.api.routes.ResourceTaggingSpec	7	0	0	0
com.helio.api.routes.admin.AdminUsageRoutesSpec	9	0	0	0
com.helio.api.routes.agents.AgentMemoryRoutesSpec	13	0	0	0
com.helio.api.routes.agents.AgentPreferencesRoutesSpec	7	0	0	0
com.helio.api.routes.alerts.AlertEventRoutesSpec	18	0	0	0
com.helio.api.routes.alerts.AlertRuleRoutesSpec	18	0	0	0
com.helio.api.routes.assistant.AssistantConversationRoutesSpec	17	0	0	0
com.helio.api.routes.audit.AuditEventRoutesSpec	10	0	0	0
com.helio.api.routes.auth.BetaAccessRoutesSpec	9	0	0	0
com.helio.api.routes.auth.GoogleOAuthRoutesSpec	17	0	0	0
com.helio.api.routes.auth.MfaApiRoutesSpec	17	0	0	0
com.helio.api.routes.dashboards.DashboardLayoutRepairRoutesSpec	17	0	0	0
com.helio.api.routes.dashboards.DashboardLayoutRepairSeamSpec	6	0	0	0
com.helio.api.routes.dashboards.DashboardLayoutValidationSpec	28	0	0	0
com.helio.api.routes.dashboards.DashboardPanelAclSpec	41	0	0	0
com.helio.api.routes.dashboards.OutputHistoryPayloadPublicRoutesSpec	2	0	0	0
com.helio.api.routes.dashboards.OutputHistoryPublicRoutesSpec	5	0	0	0
com.helio.api.routes.dashboards.PublicDashboardRoutesSpec	23	0	0	0
com.helio.api.routes.dashboards.PublicProvenanceRoutesSpec	5	0	0	0
com.helio.api.routes.dashboards.PublicRouteOwnerIdLeakSpec	8	0	0	0
com.helio.api.routes.dashboards.ShareTokenOwnershipSpec	7	0	0	0
com.helio.api.routes.dashboards.ShareTokenPublicAccessSpec	4	0	0	0
com.helio.api.routes.firstrun.FirstRunRoutesSpec	7	0	0	0
com.helio.api.routes.firstrun.PersonaTemplateRoutesSpec	8	0	0	0
com.helio.api.routes.hooks.HookRoutesSpec	7	0	0	0
com.helio.api.routes.panels.AutoLayoutRouteSpec	13	0	0	0
com.helio.api.routes.panels.FormPanelRoundTripSpec	22	0	0	0
com.helio.api.routes.panels.FormSubmitRoutesSpec	29	0	0	0
com.helio.api.routes.panels.PanelBatchCreateSpec	10	0	0	0
com.helio.api.routes.panels.PanelControlsValidationSpec	45	0	0	0
com.helio.api.routes.panels.PanelCreatePlacementSpec	20	0	0	0
com.helio.api.routes.panels.PanelCreateSeamSpec	5	0	0	0
com.helio.api.routes.patchsets.PatchSetPreviewRoutesSpec	4	0	0	0
com.helio.api.routes.patchsets.PatchSetRoutesSpec	1	0	0	0
com.helio.api.routes.patchsets.PatchSetStepCreateConfigRoutesSpec	3	0	0	0
com.helio.api.routes.patchsets.PatchSetUndoRoutesSpec	4	0	0	0
com.helio.api.routes.patchsets.RefinementRoutesSpec	4	0	0	0
com.helio.api.routes.pipelines.JoinStepConfigSeamSpec	3	0	0	0
com.helio.api.routes.pipelines.OutputFilteredMetricRoutesSpec	19	0	0	0
com.helio.api.routes.pipelines.OutputHistoryMetricIdentityRoutesSpec	4	0	0	0
com.helio.api.routes.pipelines.OutputHistoryPayloadRoutesSpec	7	0	0	0
com.helio.api.routes.pipelines.OutputHistoryQueryCountSpec	3	0	0	0
com.helio.api.routes.pipelines.OutputHistoryRoutesSpec	24	0	0	0
com.helio.api.routes.pipelines.OutputRoutesSpec	101	0	0	0
com.helio.api.routes.pipelines.PipelineAclSpec	22	0	0	0
com.helio.api.routes.pipelines.PipelineAnalyzeCanRunRoutesSpec	3	0	0	0
com.helio.api.routes.pipelines.PipelineAnalyzeProposalRoutesSpec	18	0	0	0
com.helio.api.routes.pipelines.PipelineAnalyzeRoutesSpec	28	0	0	0
com.helio.api.routes.pipelines.PipelineApplyProposalRollbackSpec	9	0	0	0
com.helio.api.routes.pipelines.PipelineApplyProposalSpec	11	0	0	0
com.helio.api.routes.pipelines.PipelineApplyProposalUpsertTargetSpec	2	0	0	0
com.helio.api.routes.pipelines.PipelineCapabilitiesRoutesSpec	11	0	0	0
com.helio.api.routes.pipelines.PipelineCreateStepConfigRoutesSpec	9	0	0	0
com.helio.api.routes.pipelines.PipelineCycleRouteStatusSpec	4	0	0	0
com.helio.api.routes.pipelines.PipelineRootRoutesSpec	15	0	0	0
com.helio.api.routes.pipelines.PipelineRunCrossInstanceSpec	6	0	0	0
com.helio.api.routes.pipelines.PipelineRunNotifyBusSpec	4	0	0	0
com.helio.api.routes.pipelines.PipelineRunRegistrySpec	6	0	0	0
com.helio.api.routes.pipelines.PipelineRunRoutesSpec	52	0	0	0
com.helio.api.routes.pipelines.PipelineScheduleRoutesSpec	16	0	0	0
com.helio.api.routes.pipelines.PipelineShapeRoutesSpec	7	0	0	0
com.helio.api.routes.pipelines.PipelineStepCatalogRoutesSpec	1	0	0	0
com.helio.api.routes.pipelines.PipelineStepReparentRoutesSpec	11	0	0	0
com.helio.api.routes.pipelines.PipelineStepRootIdPlacementRoutesSpec	10	0	0	0
com.helio.api.routes.pipelines.PipelineStepRoutesSpec	93	0	0	0
com.helio.api.routes.pipelines.ProvenanceRoutesSpec	3	0	0	0
com.helio.api.routes.pipelines.SseReconnectGapProbeSpec	2	0	0	0
com.helio.api.routes.pipelines.StepConfigInvalidRoutesSpec	12	0	0	0
com.helio.api.routes.pipelines.UpsertTargetWritableRoutesSpec	16	0	0	0
com.helio.api.routes.proposals.ClaudeRoutesChatGateSpec	12	0	0	0
com.helio.api.routes.proposals.CombinedApplyProposalDanglingRefSpec	4	0	0	0
com.helio.api.routes.proposals.CombinedApplyProposalFormSpec	4	0	0	0
com.helio.api.routes.proposals.CombinedApplyProposalRegressionSpec	2	0	0	0
com.helio.api.routes.proposals.CombinedApplyProposalRollbackSpec	2	0	0	0
com.helio.api.routes.proposals.CombinedApplyProposalSpec	3	0	0	0
com.helio.api.routes.proposals.DashboardApplyProposalBindingSpec	4	0	0	0
com.helio.api.routes.proposals.DashboardApplyProposalConfigSpec	2	0	0	0
com.helio.api.routes.proposals.DashboardApplyProposalControlsSpec	3	0	0	0
com.helio.api.routes.proposals.DashboardApplyProposalFormSeamSpec	1	0	0	0
com.helio.api.routes.proposals.DashboardApplyProposalFormSpec	11	0	0	0
com.helio.api.routes.proposals.DashboardApplyProposalSpec	7	0	0	0
com.helio.api.routes.proposals.DashboardAuthoringRoutesSpec	7	0	0	0
com.helio.api.routes.proposals.DashboardContentsReplaceSpec	5	0	0	0
com.helio.api.routes.proposals.DashboardGetOrCreateSpec	7	0	0	0
com.helio.api.routes.proposals.OutputControlsValidatorWiringSpec	2	0	0	0
com.helio.api.routes.sources.ConnectorEntityRoutesSpec	17	0	0	0
com.helio.api.routes.sources.ConnectorRoutesSpec	5	0	0	0
com.helio.api.routes.sources.CsvUploadLimitsRoutesSpec	17	0	0	0
com.helio.api.routes.sources.DataSourceRoutesSpec	146	0	0	0
com.helio.api.routes.sources.UploadRoutesSpec	12	0	0	0
com.helio.api.routes.telemetry.ProductEventRoutesSpec	8	0	0	0
com.helio.domain.connectors.ConnectorAuthShapeSpec	5	0	0	0
com.helio.domain.connectors.ConnectorRegistrySpec	13	0	0	0
com.helio.domain.connectors.ConnectorSpec	6	0	0	0
com.helio.domain.connectors.NewConnectorInferenceSpec	2	0	0	0
com.helio.domain.connectors.RestApiConnectorDriverBodySpec	9	0	0	0
com.helio.domain.connectors.RestApiConnectorDriverConnectorResolutionSpec	4	0	0	0
com.helio.domain.connectors.RestApiConnectorDriverKindGuardSpec	2	0	0	0
com.helio.domain.connectors.RestApiConnectorDriverPendingGuardSpec	3	0	0	0
com.helio.domain.connectors.RestApiConnectorDriverQueryParamsSpec	6	0	0	0
com.helio.domain.connectors.RestApiConnectorDriverTemplatingSpec	18	0	0	0
com.helio.domain.connectors.RestApiConnectorSpec	20	0	0	0
com.helio.domain.connectors.SqlConnectorConfigShapeSpec	27	0	0	0
com.helio.domain.connectors.SqlConnectorEgressGuardSpec	15	0	0	0
com.helio.domain.connectors.SqlConnectorRebindingSpec	7	0	0	0
com.helio.domain.connectors.SqlConnectorSpec	25	0	0	0
com.helio.domain.connectors.SqlConnectorTlsSpec	3	0	0	0
com.helio.domain.connectors.SqlEgressSocketFactoriesSpec	11	0	0	0
com.helio.domain.engine.AlertEventStateMachineSpec	16	0	0	0
com.helio.domain.engine.AnalyzeSchemaWarningsSpec	65	0	0	0
com.helio.domain.engine.ComputeCoalesceCsvSpec	2	0	0	0
com.helio.domain.engine.ComputeOptionalTypeAnalyzeSpec	6	0	0	0
com.helio.domain.engine.CsvBlankCellsNullSpec	10	0	0	0
com.helio.domain.engine.CsvBlankCellsNullStepsSpec	22	0	0	0
com.helio.domain.engine.DatasetRowValidatorSpec	14	0	0	0
com.helio.domain.engine.DatasetSchemaMigrationSpec	32	0	0	0
com.helio.domain.engine.ExpressionEvaluatorSpec	117	0	0	0
com.helio.domain.engine.ExpressionUnaryMinusSpec	16	0	0	0
com.helio.domain.engine.InProcessPipelineEngineSpec	193	0	0	0
com.helio.domain.engine.InProcessPipelineEngineTreeWalkSpec	28	0	0	0
com.helio.domain.engine.InProcessPipelineEngineUrlRefetchSpec	8	0	0	0
com.helio.domain.engine.JsonFlattenerSpec	11	0	0	0
com.helio.domain.engine.MapAwareJsonFlatteningSpec	18	0	0	0
com.helio.domain.engine.NestedJsonFlatteningSymmetrySpec	6	0	0	0
com.helio.domain.engine.NodeDependencyClosureSpec	8	0	0	0
com.helio.domain.engine.NumericOpOnTextFieldWarningSpec	12	0	0	0
com.helio.domain.engine.PipelineAnalyzeServiceSpec	134	0	0	0
com.helio.domain.engine.PipelineCostEstimatorSpec	18	0	0	0
com.helio.domain.engine.PipelineRowJsonSpec	3	0	0	0
com.helio.domain.engine.SchemaFieldJsonFormatTolerantReadSpec	4	0	0	0
com.helio.domain.engine.SchemaFieldRealDumpInvariantSpec	1	0	0	0
com.helio.domain.engine.SchemaFieldStructuralGuardSpec	5	0	0	0
com.helio.domain.engine.SchemaInferenceEngineSpec	64	0	0	0
com.helio.domain.history.OutputCompareSpec	7	0	0	0
com.helio.domain.history.OutputSummaryReducerSeamSpec	70	0	0	0
com.helio.domain.history.OutputSummaryReducerSpec	31	0	0	0
com.helio.domain.history.PayloadHistoryConfigSpec	7	0	0	0
com.helio.domain.model.ConnectorCompletionTokenSpec	5	0	0	0
com.helio.domain.model.DashboardModelSpec	1	0	0	0
com.helio.domain.model.DataFieldTypeSpec	5	0	0	0
com.helio.domain.model.DataSourceSpec	10	0	0	0
com.helio.domain.model.DatasetFieldDeclarationSpec	5	0	0	0
com.helio.domain.model.PanelAppearanceMergeSpec	13	0	0	0
com.helio.domain.model.PanelSpec	36	0	0	0
com.helio.domain.model.PanelTypeSpec	15	0	0	0
com.helio.domain.model.PipelineSchemaDriftSpec	9	0	0	0
com.helio.domain.model.PipelineStepRegistryCatalogSpec	4	0	0	0
com.helio.domain.model.PipelineStepSpec	8	0	0	0
com.helio.domain.model.RestApiConfigSpec	9	0	0	0
com.helio.domain.model.StepGroupSpec	3	0	0	0
com.helio.domain.panels.FormPanelSpec	30	0	0	0
com.helio.domain.panels.FormSchemaConsistencySpec	18	0	0	0
com.helio.domain.panels.FormSubmissionSpec	30	0	0	0
com.helio.domain.panels.OutputBindingSpecSpec	11	0	0	0
com.helio.domain.panels.OutputPanelSpec	14	0	0	0
com.helio.domain.pipelines.PipelineCycleValidatorSpec	10	0	0	0
com.helio.domain.shapes.PassthroughShapeSpec	5	0	0	0
com.helio.domain.shapes.PipelineShapeSpec	8	0	0	0
com.helio.domain.shapes.PivotMatrixShapeEngineSpec	2	0	0	0
com.helio.domain.shapes.PivotMatrixShapeSpec	20	0	0	0
com.helio.domain.shapes.SingleRowShapeEngineSpec	2	0	0	0
com.helio.domain.shapes.SingleRowShapeSpec	20	0	0	0
com.helio.domain.shapes.TimeSeriesShapeEngineSpec	1	0	0	0
com.helio.domain.shapes.TimeSeriesShapeSpec	14	0	0	0
com.helio.domain.shapes.TopNShapeEngineSpec	3	0	0	0
com.helio.domain.shapes.TopNShapeSpec	14	0	0	0
com.helio.domain.steps.AggregateStepSpec	34	0	0	0
com.helio.domain.steps.AnalyzeWithAiConfigSpec	13	0	0	0
com.helio.domain.steps.AnalyzeWithAiStepSpec	21	0	0	0
com.helio.domain.steps.AssertStepSpec	38	0	0	0
com.helio.domain.steps.ChunkByTokenCountStepSpec	16	0	0	0
com.helio.domain.steps.ComputeStepSpec	9	0	0	0
com.helio.domain.steps.ConvertFormatStepSpec	69	0	0	0
com.helio.domain.steps.DateBucketStepSpec	14	0	0	0
com.helio.domain.steps.ExtractHeadingsStepSpec	10	0	0	0
com.helio.domain.steps.FilterStepSpec	14	0	0	0
com.helio.domain.steps.GenerateTextConfigSpec	9	0	0	0
com.helio.domain.steps.GenerateTextStepSpec	17	0	0	0
com.helio.domain.steps.JoinColumnCollisionSpec	40	0	0	0
com.helio.domain.steps.JoinColumnNamingSpec	13	0	0	0
com.helio.domain.steps.LookupColumnCollisionSpec	24	0	0	0
com.helio.domain.steps.PipelineStepRequiredConfigSpec	32	0	0	0
com.helio.domain.steps.SortStepSpec	9	0	0	0
com.helio.domain.steps.SplitTextStepSpec	17	0	0	0
com.helio.domain.steps.StepConfigErrorClassificationSpec	25	0	0	0
com.helio.domain.steps.StepEnumWriteValidationSpec	18	0	0	0
com.helio.domain.steps.UpsertSourceConfigSpec	29	0	0	0
com.helio.domain.steps.UpsertSourceStepSpec	7	0	0	0
com.helio.domain.util.CronScheduleSpec	12	0	0	0
com.helio.infrastructure.StructuredJsonLoggingSpec	5	0	0	0
com.helio.infrastructure.ai.ClaudeAiStepClientSpec	4	0	0	0
com.helio.infrastructure.ai.ClaudeClientSpec	32	0	0	0
com.helio.infrastructure.ai.ClaudeConfigSpec	12	0	0	0
com.helio.infrastructure.ai.ClaudeProtocolSpec	10	0	0	0
com.helio.infrastructure.ai.ClaudeStreamAssemblySpec	7	0	0	0
com.helio.infrastructure.ai.HttpClaudeTransportSpec	11	0	0	0
com.helio.infrastructure.email.HttpResendEmailSenderSpec	4	0	0	0
com.helio.infrastructure.persistence.BinaryRefsMigrationSpec	2	0	0	0
com.helio.infrastructure.persistence.DatabaseConnectionTimeoutSpec	1	0	0	0
com.helio.infrastructure.persistence.DatasetRowsReaderBehaviorPreservingSpec	1	0	0	0
com.helio.infrastructure.persistence.DbContextSpec	7	0	0	0
com.helio.infrastructure.persistence.FlywayNonSuperuserMigrationSpec	1	0	0	0
com.helio.infrastructure.persistence.NodePayloadHistoryRlsSpec	10	0	0	0
com.helio.infrastructure.persistence.NodePayloadTrimPurgeLockOrderSpec	5	0	0	0
com.helio.infrastructure.persistence.OutputHistoryRlsSpec	7	0	0	0
com.helio.infrastructure.persistence.PaginationSpec	9	0	0	0
com.helio.infrastructure.persistence.PipelineOnlyPanelBindingMigrationSpec	5	0	0	0
com.helio.infrastructure.persistence.PipelineSharingAclSpec	17	0	0	0
com.helio.infrastructure.persistence.PipelineStepsOpCheckOwnershipRequiredSpec	1	0	0	0
com.helio.infrastructure.persistence.PipelineStepsOpCheckSeededRowsSpec	1	0	0	0
com.helio.infrastructure.persistence.PublicPathRlsSmokeSpec	3	0	0	0
com.helio.infrastructure.persistence.ResourceTagMigrationSpec	6	0	0	0
com.helio.infrastructure.persistence.RetentionLockGuardSpec	3	0	0	0
com.helio.infrastructure.persistence.RlsOwnerTablesSpec	32	0	0	0
com.helio.infrastructure.persistence.RlsPolicyGuardSpec	119	0	0	0
com.helio.infrastructure.persistence.RlsPrivilegedDmlSpec	17	0	0	0
com.helio.infrastructure.persistence.RlsSharingAwareTablesSpec	16	0	0	0
com.helio.infrastructure.persistence.TriggerSourceMigrationSpec	3	0	0	0
com.helio.infrastructure.persistence.UserTierMigrationSpec	6	0	0	0
com.helio.infrastructure.persistence.V100ZeroRootGuardNonSuperuserSpec	12	0	0	0
com.helio.infrastructure.persistence.V106DatasetRowsMigrationSpec	1	0	0	0
com.helio.infrastructure.persistence.V114BackfillSignupEventsSpec	3	0	0	0
com.helio.infrastructure.persistence.V117DeadOutputConfigKeysMigrationSpec	1	0	0	0
com.helio.infrastructure.persistence.V118LegacyMetricFormatMigrationSpec	1	0	0	0
com.helio.infrastructure.persistence.V119OwnerFkMigrationSpec	15	0	0	0
com.helio.infrastructure.persistence.V96CanonicalizeInferredSchemaTypeMigrationSpec	1	0	0	0
com.helio.infrastructure.persistence.V98PipelineRootsMigrationSpec	11	0	0	0
com.helio.infrastructure.persistence.V99PreventZeroRootPipelinesMigrationSpec	4	0	0	0
com.helio.infrastructure.persistence.agents.AgentMemoryRepositorySpec	15	0	0	0
com.helio.infrastructure.persistence.agents.AgentPreferencesRepositorySpec	5	0	0	0
com.helio.infrastructure.persistence.alerts.AlertEventRepositorySpec	19	0	0	0
com.helio.infrastructure.persistence.alerts.AlertRuleRepositorySpec	12	0	0	0
com.helio.infrastructure.persistence.assistant.AssistantConversationRepositorySpec	16	0	0	0
com.helio.infrastructure.persistence.assistant.AssistantDailyUsageRepositorySpec	9	0	0	0
com.helio.infrastructure.persistence.audit.AuditEventRepositorySpec	12	0	0	0
com.helio.infrastructure.persistence.audit.AuditEventsAppendOnlySpec	16	0	0	0
com.helio.infrastructure.persistence.auth.ConnectorCredentialRepositorySpec	9	0	0	0
com.helio.infrastructure.persistence.auth.InviteCodeRepositorySpec	9	0	0	0
com.helio.infrastructure.persistence.auth.OAuthStateRepositorySpec	10	0	0	0
com.helio.infrastructure.persistence.auth.TotpSupportSpec	16	0	0	0
com.helio.infrastructure.persistence.dashboards.DashboardLayoutRepairRlsSpec	5	0	0	0
com.helio.infrastructure.persistence.panels.PanelRowMapperSpec	11	0	0	0
com.helio.infrastructure.persistence.pipelines.BinaryRefRepositorySpec	7	0	0	0
com.helio.infrastructure.persistence.pipelines.CsvBlankCellsNullSnapshotSpec	6	0	0	0
com.helio.infrastructure.persistence.pipelines.MultiRootIsolationSpec	3	0	0	0
com.helio.infrastructure.persistence.pipelines.NodeSnapshotOverwriteRowsWithSpec	3	0	0	0
com.helio.infrastructure.persistence.pipelines.OutputHistoryRepositorySpec	24	0	0	0
com.helio.infrastructure.persistence.pipelines.PipelineAutoRunDebounceRepositorySpec	10	0	0	0
com.helio.infrastructure.persistence.pipelines.PipelineCycleGraphQueriesSpec	5	0	0	0
com.helio.infrastructure.persistence.pipelines.PipelineRepositoryRunTransactionallyRlsSpec	1	0	0	0
com.helio.infrastructure.persistence.pipelines.PipelineRepositorySpec	23	0	0	0
com.helio.infrastructure.persistence.pipelines.PipelineRunGuardRepositorySpec	11	0	0	0
com.helio.infrastructure.persistence.pipelines.PipelineRunRepositorySpec	38	0	0	0
com.helio.infrastructure.persistence.pipelines.PipelineScheduleRepositorySpec	7	0	0	0
com.helio.infrastructure.persistence.pipelines.PipelineStepRepositorySpec	11	0	0	0
com.helio.infrastructure.persistence.pipelines.PipelineStepRepositorySpliceSpec	29	0	0	0
com.helio.infrastructure.persistence.pipelines.PipelineStepRepositoryTreeOrderingSpec	12	0	0	0
com.helio.infrastructure.persistence.pipelines.V94OutputsMigrationSpec	33	0	0	0
com.helio.infrastructure.persistence.proposals.AuthoringConversationRepositorySpec	12	0	0	0
com.helio.infrastructure.persistence.sharing.ShareTokenRepositoryRevokeSpec	2	0	0	0
com.helio.infrastructure.persistence.sharing.ShareTokenRlsSpec	5	0	0	0
com.helio.infrastructure.persistence.sources.ConnectorRepositorySpec	18	0	0	0
com.helio.infrastructure.persistence.sources.CounterEventRowModelSpec	5	0	0	0
com.helio.infrastructure.persistence.sources.DataSourceReferenceGuardNonSuperuserSpec	30	0	0	0
com.helio.infrastructure.persistence.sources.DataSourceRepositoryApplyWriteBacksRlsSpec	3	0	0	0
com.helio.infrastructure.persistence.sources.DataSourceRepositoryApplyWriteBacksSpec	4	0	0	0
com.helio.infrastructure.persistence.sources.DataSourceRepositorySpec	51	0	0	0
com.helio.infrastructure.persistence.telemetry.ProductEventMonthlyActiveSpec	3	0	0	0
com.helio.infrastructure.persistence.telemetry.ProductEventRepositorySpec	17	0	0	0
com.helio.infrastructure.persistence.telemetry.ProductUsageRepositoryRoleSpec	5	0	0	0
com.helio.infrastructure.storage.GcsFileSystemSpec	14	0	0	0
com.helio.infrastructure.storage.LocalFileSystemSpec	17	0	0	0
com.helio.services.OutputRepositoryRequiredSpec	5	0	0	0
com.helio.services.agents.AgentMemoryServiceSpec	11	0	0	0
com.helio.services.agents.AgentPreferencesServiceSpec	11	0	0	0
com.helio.services.alerts.AlertEvaluationServiceSpec	34	0	0	0
com.helio.services.alerts.AlertEventServiceSpec	12	0	0	0
com.helio.services.alerts.AlertRuleServiceSpec	19	0	0	0
com.helio.services.alerts.HistoryBaselineSpec	14	0	0	0
com.helio.services.assistant.AssistantConversationServiceSpec	17	0	0	0
com.helio.services.assistant.AssistantServiceSpec	20	0	0	0
com.helio.services.assistant.AssistantSystemPromptSpec	17	0	0	0
com.helio.services.assistant.AssistantTelemetrySpec	5	0	0	0
com.helio.services.assistant.AssistantToolExecutorSpec	27	0	0	0
com.helio.services.assistant.CredentialSurfaceEnumerationSpec	2	0	0	0
com.helio.services.audit.AuditServiceSpec	4	0	0	0
com.helio.services.auth.AiPipelineQuotaGateSpec	5	0	0	0
com.helio.services.auth.AuthServiceSpec	13	0	0	0
com.helio.services.auth.BetaAccessServiceSpec	11	0	0	0
com.helio.services.auth.EncryptedSecretBackendSpec	11	0	0	0
com.helio.services.auth.MfaServiceSpec	19	0	0	0
com.helio.services.auth.SecretFieldSpec	7	0	0	0
com.helio.services.auth.UserTierConfigSpec	7	0	0	0
com.helio.services.auth.UserTierSpec	8	0	0	0
com.helio.services.dashboards.DashboardServiceLayoutPolicySpec	3	0	0	0
com.helio.services.dashboards.DashboardSnapshotValidationSpec	5	0	0	0
com.helio.services.firstrun.FirstRunDashboardServiceRollbackSpec	4	0	0	0
com.helio.services.firstrun.FirstRunLayoutValiditySpec	4	0	0	0
com.helio.services.firstrun.FirstRunPlannerSpec	13	0	0	0
com.helio.services.firstrun.PersonaTemplatesSpec	31	0	0	0
com.helio.services.panels.CreatePlacementSpec	6	0	0	0
com.helio.services.panels.LayoutPolicySpec	11	0	0	0
com.helio.services.panels.LayoutReflowSpec	5	0	0	0
com.helio.services.panels.LayoutValidatorSpec	27	0	0	0
com.helio.services.panels.PanelCapabilityServiceSpec	5	0	0	0
com.helio.services.panels.PanelPackerSpec	13	0	0	0
com.helio.services.panels.PanelServiceBatchUpdateErrorSpec	1	0	0	0
com.helio.services.panels.PanelServiceBuildAllForCreateSpec	5	0	0	0
com.helio.services.panels.PanelServiceDefaultLayoutSpec	10	0	0	0
com.helio.services.panels.PanelServiceOutputBindingSpec	7	0	0	0
com.helio.services.panels.PanelServiceOutputControlsSpec	5	0	0	0
com.helio.services.patchsets.AggregateFnDocDriftSpec	2	0	0	0
com.helio.services.patchsets.PatchSetApplyFormCreateSpec	7	0	0	0
com.helio.services.patchsets.PatchSetApplyServiceSpec	49	0	0	0
com.helio.services.patchsets.PatchSetPipelineCreateStepConfigSpec	4	0	0	0
com.helio.services.patchsets.PatchSetPreviewOutputContextSpec	5	0	0	0
com.helio.services.patchsets.PatchSetPreviewProjectionStepsUpsertSourceSpec	2	0	0	0
com.helio.services.patchsets.PatchSetPreviewServiceSpec	18	0	0	0
com.helio.services.patchsets.PatchSetUndoDeadOutputKeysSpec	3	0	0	0
com.helio.services.patchsets.PatchSetUndoInverseSpec	6	0	0	0
com.helio.services.patchsets.PatchSetUndoLaneSpec	5	0	0	0
com.helio.services.patchsets.PatchSetUndoPanelDashboardSpec	5	0	0	0
com.helio.services.patchsets.PatchSetUndoRefusalSpec	5	0	0	0
com.helio.services.patchsets.PatchSetUndoRepoWiringSpec	1	0	0	0
com.helio.services.patchsets.RefinementEditShapeSpec	21	0	0	0
com.helio.services.patchsets.RefinementServiceSpec	8	0	0	0
com.helio.services.pipelines.AutoRunGuardBurstProofSpec	3	0	0	0
com.helio.services.pipelines.AutoRunGuardNoRetryStormSpec	1	0	0	0
com.helio.services.pipelines.AutoRunTriggerServiceSpec	16	0	0	0
com.helio.services.pipelines.ComputeExpressionRunSpec	2	0	0	0
com.helio.services.pipelines.CreateStepConfigNonRegressionSpec	7	0	0	0
com.helio.services.pipelines.DatasetWriteAutoRunCoalescingSpec	3	0	0	0
com.helio.services.pipelines.DatasetWriteAutoRunEndToEndSpec	5	0	0	0
com.helio.services.pipelines.FireTimeRunConfigGateSpec	10	0	0	0
com.helio.services.pipelines.Hel914Ac1EndToEndSpec	1	0	0	0
com.helio.services.pipelines.HistoryBaselineAfterThinningSpec	6	0	0	0
com.helio.services.pipelines.LegacyOutputConfigKeysParitySpec	1	0	0	0
com.helio.services.pipelines.LegacyOutputConfigKeysSpec	7	0	0	0
com.helio.services.pipelines.NodePayloadHistoryRetentionSpec	8	0	0	0
com.helio.services.pipelines.NodePayloadHistoryWriteSpec	13	0	0	0
com.helio.services.pipelines.OutputCompareWriteValidationSpec	6	0	0	0
com.helio.services.pipelines.OutputConfigKeyValidationSpec	9	0	0	0
com.helio.services.pipelines.OutputConfigValidationSpec	18	0	0	0
com.helio.services.pipelines.OutputControlEligibilitySpec	8	0	0	0
com.helio.services.pipelines.OutputFilterCapabilitySpec	6	0	0	0
com.helio.services.pipelines.OutputFilteredMetricMeasurementSpec	1	0	0	0
com.helio.services.pipelines.OutputHistoryCostMeasurementSpec	1	0	0	0
com.helio.services.pipelines.OutputHistoryRetentionConfigSpec	6	0	0	0
com.helio.services.pipelines.OutputHistoryRetentionPrivilegedSpec	2	0	0	0
com.helio.services.pipelines.OutputHistoryRetentionServiceSpec	7	0	0	0
com.helio.services.pipelines.PayloadOptInWriteValidationSpec	3	0	0	0
com.helio.services.pipelines.PipelineAnalyzeAnalyzeWithAiSpec	1	0	0	0
com.helio.services.pipelines.PipelineAnalyzeConciseByteBudgetSpec	1	0	0	0
com.helio.services.pipelines.PipelineAnalyzeConvertFormatSpec	1	0	0	0
com.helio.services.pipelines.PipelineAnalyzeGenerateTextSpec	4	0	0	0
com.helio.services.pipelines.PipelineAnalyzeJoinCollisionSpec	3	0	0	0
com.helio.services.pipelines.PipelineAnalyzeSchemaWarningsSpec	13	0	0	0
com.helio.services.pipelines.PipelineAnalyzeUpsertSourceSpec	2	0	0	0
com.helio.services.pipelines.PipelineCreateTransactionalSpec	25	0	0	0
com.helio.services.pipelines.PipelineCycleDetectionServiceSpec	25	0	0	0
com.helio.services.pipelines.PipelineInlineSqlShapeSpec	4	0	0	0
com.helio.services.pipelines.PipelineProposalServiceRestConfigSpec	7	0	0	0
com.helio.services.pipelines.PipelineProposalServiceValidateSpec	9	0	0	0
com.helio.services.pipelines.PipelineRunGuardIntegrationSpec	10	0	0	0
com.helio.services.pipelines.PipelineRunServiceAiStepClientWiringSpec	4	0	0	0
com.helio.services.pipelines.PipelineRunServiceAlertBaselineSpec	1	0	0	0
com.helio.services.pipelines.PipelineRunServiceOutputHistorySpec	8	0	0	0
com.helio.services.pipelines.PipelineRunServiceSpec	87	0	0	0
com.helio.services.pipelines.PipelineRunServiceTerminalOrderingSpec	10	0	0	0
com.helio.services.pipelines.PipelineRunServiceUpsertSourceRlsSpec	2	0	0	0
com.helio.services.pipelines.PipelineRunServiceUpsertSourceSpec	10	0	0	0
com.helio.services.pipelines.PipelineScheduleServiceSpec	24	0	0	0
com.helio.services.pipelines.PipelineSchedulerServiceMaintenanceHooksSpec	3	0	0	0
com.helio.services.pipelines.PipelineSchedulerServiceSpec	8	0	0	0
com.helio.services.pipelines.PipelineServiceAddressFormatSpec	5	0	0	0
com.helio.services.pipelines.PipelineServiceCanRunSpec	8	0	0	0
com.helio.services.pipelines.PipelineServiceInlineRestBodySpec	1	0	0	0
com.helio.services.pipelines.PipelineShapeServiceSpec	3	0	0	0
com.helio.services.pipelines.PipelineStepCatalogServiceSpec	7	0	0	0
com.helio.services.pipelines.ProvenanceServiceSpec	12	0	0	0
com.helio.services.pipelines.UpsertTargetWritableRlsSpec	7	0	0	0
com.helio.services.proposals.AuthoringTelemetrySpec	13	0	0	0
com.helio.services.proposals.CombinedProposalServiceValidateSpec	4	0	0	0
com.helio.services.proposals.DashboardAuthoringParsingSpec	10	0	0	0
com.helio.services.proposals.DashboardAuthoringPromptSpec	8	0	0	0
com.helio.services.proposals.DashboardAuthoringServiceSpec	24	0	0	0
com.helio.services.proposals.DashboardProposalServiceValidateSpec	4	0	0	0
com.helio.services.proposals.ProposalControlsSpec	9	0	0	0
com.helio.services.ratelimit.InMemoryRateLimiterSpec	5	0	0	0
com.helio.services.sharing.ShareTokenGenerationSpec	4	0	0	0
com.helio.services.sharing.ShareTokenServiceSpec	8	0	0	0
com.helio.services.sharing.ShareTokenValidatorSpec	6	0	0	0
com.helio.services.sources.ConnectorCompletionServiceClampExpirySpec	8	0	0	0
com.helio.services.sources.ConnectorCompletionServiceSpec	18	0	0	0
com.helio.services.sources.ContentSourceSupportSpec	34	0	0	0
com.helio.services.sources.CreateSourceEnvelopeSpec	5	0	0	0
com.helio.services.sources.CsvLimitsSpec	12	0	0	0
com.helio.services.sources.CsvUrlFetchSpec	20	0	0	0
com.helio.services.sources.DataSourceCsvSupportSpec	2	0	0	0
com.helio.services.sources.DataSourceServiceCsvUrlSpec	11	0	0	0
com.helio.services.sources.DataSourceServiceDeniedPipelinesSpec	9	0	0	0
com.helio.services.sources.DataSourceServiceRestartPersistenceSpec	3	0	0	0
com.helio.services.sources.DataSourceServiceSpec	63	0	0	0
com.helio.services.sources.DatasetWriteSubmitLatencySpec	6	0	0	0
com.helio.services.sources.ImageSourceSupportSpec	7	0	0	0
com.helio.services.sources.PdfTextSupportSpec	5	0	0	0
com.helio.services.sources.PinnedPoolReuseSpec	7	0	0	0
com.helio.services.sources.RestConnectorEgressGuardSpec	36	0	0	0
com.helio.services.sources.RestSourceConnectorMigrationSpec	5	0	0	0
com.helio.services.sources.RestSourceConstructionSiteSpec	3	0	0	0
com.helio.services.sources.SchemaInferenceFacadeSpec	6	0	0	0
com.helio.services.sources.SchemaInferenceRegressionSpec	4	0	0	0
com.helio.services.sources.SourceServiceBareUrlParametersSpec	1	0	0	0
com.helio.services.sources.SourceServiceBareUrlQueryParamsSpec	1	0	0	0
com.helio.services.sources.SourceServiceSpec	33	0	0	0
com.helio.services.telemetry.AdminUsageServiceSpec	6	0	0	0
com.helio.services.telemetry.AdminUsageTotalsSpec	7	0	0	0
com.helio.services.telemetry.ProductEventRegistrySpec	15	0	0	0
com.helio.services.telemetry.ProductEventRollupServiceSpec	7	0	0	0
com.helio.services.workspace.CsvBlankCellsNullWorkspaceSpec	1	0	0	0
com.helio.services.workspace.WorkspaceAssistantToolsSpec	4	0	0	0
com.helio.services.workspace.WorkspaceContextServiceAgentContextSpec	6	0	0	0
com.helio.services.workspace.WorkspaceContextServiceApplyBudgetSpec	15	0	0	0
com.helio.services.workspace.WorkspaceContextServiceClassifySemanticRoleSpec	21	0	0	0
com.helio.services.workspace.WorkspaceContextServiceComputeColumnStatsSpec	35	0	0	0
com.helio.services.workspace.WorkspaceContextServiceComputeJoinHintsSpec	12	0	0	0
com.helio.services.workspace.WorkspaceContextServicePanelCountSpec	3	0	0	0
com.helio.services.workspace.WorkspaceContextServiceSanitizeSampleRowsSpec	8	0	0	0
com.helio.services.workspace.WorkspaceContextServiceSpec	38	0	0	0
com.helio.services.workspace.WorkspaceSearchServiceSpec	22	0	0	0
com.helio.services.workspace.WorkspaceTeardownServiceSpec	11	0	0	0
com.helio.spark.Lz4CodecSpec	2	0	0	0
com.helio.spark.PipelineRunCacheSpec	8	0	0	0
com.helio.spark.SparkJobSubmitterSpec	17	0	0	0
com.helio.testkit.RouteTestBaseGuardSpec	4	0	0	0
com.helio.testsupport.AnalyzeSchemaSharedDefsSpec	9	0	0	0
com.helio.testsupport.OwnerIdGuardSpec	6	0	0	0
