v0.1.0	4ee0fa3b	2026-04-26T18:38:07-07:00	4ee0fa3b	282
v0.2.0	19cd8628	2026-05-03T00:58:20	4ee0fa3b..19cd8628	100
v0.3.0	05a6901e	2026-05-21T21:05:02	19cd8628..05a6901e	326
v0.3.1	0a86931e	2026-05-21T21:21:56	05a6901e..0a86931e	1
v0.3.2	947b6740	2026-05-23T01:10:03	0a86931e..947b6740	1
v0.4.0	bf39243a	2026-06-19T18:20:40	947b6740..bf39243a	97
v0.4.1	99631efc	2026-06-19T19:03:10	bf39243a..99631efc	1
v0.4.2	fad5b3c8	2026-07-02T19:29:02	99631efc..fad5b3c8	7
v0.4.3	3c369738	2026-07-03T13:26:53	fad5b3c8..3c369738	5
v0.4.4	ad939146	2026-07-04T21:48:02	3c369738..ad939146	1
v0.4.5	761707b0	2026-07-09T17:22:45	ad939146..761707b0	7
v0.4.6	cc4620a7	2026-07-11T09:19:31	761707b0..cc4620a7	8
v0.4.7	83ee2405	2026-07-11T20:04:31	cc4620a7..83ee2405	9
v0.5.0	e04d5006	2026-07-12T11:47:44	83ee2405..e04d5006	9
v0.5.1	3c3b09d8	2026-07-12T15:43:39	e04d5006..3c3b09d8	2
v0.5.2	163e74c2	2026-07-15T08:04:39	3c3b09d8..163e74c2	7
v0.5.3	9740046d	2026-07-17T15:39:04	163e74c2..9740046d	8
v0.5.4	51ca0963	2026-07-18T14:55:13	9740046d..51ca0963	10
v0.5.5	fbf5a361	2026-07-19T21:26:31	51ca0963..fbf5a361	10
v0.5.6	ba103756	2026-07-21T17:21:26	fbf5a361..ba103756	8
v0.5.7	8f04139b	2026-07-21T21:17:53	ba103756..8f04139b	1
v0.6.0	0b860d17	2026-07-26T14:24:02	8f04139b..0b860d17	42
v0.6.1	c97d9240	2026-07-26T23:15:41	0b860d17..c97d9240	5
v0.6.2	962734bf	2026-07-27T00:11:07	c97d9240..962734bf	1
v0.6.3	6612e291	2026-08-16T10:44:10	962734bf..6612e291	55
v0.6.4	06f7ccc6	2026-08-16T11:40:08	6612e291..06f7ccc6	2
v0.6.5	51f110c0	2026-08-16T12:14:53	06f7ccc6..51f110c0	2
v0.6.6	054ea99f	2026-08-16T12:27:09	51f110c0..054ea99f	1
v0.6.7	3f00e227	2026-08-16T12:53:46	054ea99f..3f00e227	1
v0.6.8	dc3dde12	2026-08-16T12:55:58	3f00e227..dc3dde12	1
v0.6.9	157e9ac3	2026-08-16T13:18:19	dc3dde12..157e9ac3	1
v0.6.10	996f6501	2026-08-16T13:44:15	157e9ac3..996f6501	1
v0.6.11	0f3eaf1b	2026-08-16T16:43:29	996f6501..0f3eaf1b	1
v0.6.12	1559246e	2026-08-16T17:44:43	0f3eaf1b..1559246e	1
v0.6.13	d4ca175e	2026-08-16T18:46:18	1559246e..d4ca175e	1
v0.6.14	36204dce	2026-08-16T19:56:36	d4ca175e..36204dce	1
v0.6.15	e4509016	2026-08-16T20:44:01	36204dce..e4509016	2
v0.6.16	3803e988	2026-08-16T22:15:02	e4509016..3803e988	1
v0.6.17	a5e8bcfc	2026-08-16T23:32:56	3803e988..a5e8bcfc	1
v0.6.18	9b7dbb1f	2026-08-16T23:57:47	a5e8bcfc..9b7dbb1f	1
v0.6.19	fb7f6e34	2026-08-17T00:11:13	9b7dbb1f..fb7f6e34	1
v0.6.20	c0fbb56a	2026-08-17T12:02:03	fb7f6e34..c0fbb56a	1
v0.6.21	c6105095	2026-08-18T15:05:31	c0fbb56a..c6105095	9
v0.6.22	4b1d794f	2026-08-18T17:26:33	c6105095..4b1d794f	2
v0.6.23	6b269a79	2026-08-18T20:03:04	4b1d794f..6b269a79	1
v0.6.24	fd930868	2026-08-18T21:34:21	6b269a79..fd930868	1
v0.6.25	82186dd7	2026-08-21T10:31:27	fd930868..82186dd7	19
v0.7.0	0c843734	2026-08-25T23:50:54	82186dd7..0c843734	31
v0.7.1	1cabb2ee	2026-08-27T17:14:09	0c843734..1cabb2ee	27
v0.7.2	960b0f1e	2026-08-27T17:21:33	1cabb2ee..960b0f1e	1
v0.7.3	be9c2808	2026-08-28T00:15:12	960b0f1e..be9c2808	3
v0.7.4	b7f80246	2026-08-28T09:20:43	be9c2808..b7f80246	1
