# HEL-1361 e2e shard weights: seconds per spec file, from CI Playwright JSON reports.
# Per run: durations summed across ALL shard reports; weight = median across runs.
# Runs: 37742970410-a1 37742970410-a2 37742970410-a3 37742970410-a4 37742970410-a5
# Regenerate: node scripts/e2e-shard.mjs weights <runDir>... > e2e/shard-weights.tsv (never hand-edit).
auth-cookie-migration.spec.ts	26
focus-presence-guard.spec.ts	159
hel1003-actions-menu-keyboard-reach.spec.ts	16
hel1007-multi-root-reorder.spec.ts	12
hel1023-breakpoint-layout-derivation.spec.ts	97
hel1028-layout-undo-redo-visual-revert.spec.ts	93
hel1065-pin-toggle-css-fixes.spec.ts	44
hel1079-dataset-management-ui-live.spec.ts	30
hel1080-dataset-row-grid-live.spec.ts	29
hel1085-form-field-renderers-keyboard.spec.ts	11
hel1087-form-submit-path.spec.ts	30
hel1088-compact-counter-chrome.spec.ts	9
hel1090-form-panel-assembled-a11y.spec.ts	28
hel1094-sse-fan-out-panel-refresh.spec.ts	55
hel1095-optimistic-pending-writing-panel-a11y.spec.ts	26
hel1096-run-to-update-affordance.spec.ts	17
hel1169-network-vs-rejection-reconcile-a11y.spec.ts	24
hel1189-output-panel-controls-live.spec.ts	27
hel1230-drag-then-create-persists.spec.ts	6
hel1260-orphan-owner-repair.spec.ts	31
hel1275-metric-delta-sparkline.spec.ts	30
hel1277-output-history-scrubber.spec.ts	43
hel1331-history-payloads-toggle.spec.ts	26
hel1345-rootid-step-placement.spec.ts	7
hel1350-chart-compare-picker.spec.ts	22
hel1351-aggregated-chart-overlay.spec.ts	26
hel503-palette-global-resource-search.spec.ts	41
hel510-keyboard-shortcuts.spec.ts	28
hel516-palette-quick-create.spec.ts	82
hel519-recent-navigation.spec.ts	55
hel572-chart-click-drilldown.spec.ts	24
hel588-cross-filter-panels.spec.ts	55
hel773-top-anchored-mobile-nav-sheet.spec.ts	68
hel813-mobile-touch-target-floor.spec.ts	71
hel908-step-card-split.spec.ts	7
hel908-trunk-reorder-drag.spec.ts	8
hel908-trunk-reorder-order.spec.ts	4
hel910-pipeline-to-dashboard-flow.spec.ts	17
hel958-join-step-editor.spec.ts	8
state-surface-contrast-guard.spec.ts	273
