old_path	new_path	old_fqn	new_fqn
backend/src/main/scala/com/helio/api/AccessCheckerImpl.scala	backend/src/main/scala/com/helio/api/http/AccessCheckerImpl.scala	com.helio.api	com.helio.api.http
backend/src/main/scala/com/helio/api/AclDirective.scala	backend/src/main/scala/com/helio/api/http/AclDirective.scala	com.helio.api	com.helio.api.http
backend/src/main/scala/com/helio/api/ApiRoutes.scala	backend/src/main/scala/com/helio/api/ApiRoutes.scala	com.helio.api	com.helio.api
backend/src/main/scala/com/helio/api/AuthDirectives.scala	backend/src/main/scala/com/helio/api/http/AuthDirectives.scala	com.helio.api	com.helio.api.http
backend/src/main/scala/com/helio/api/CookieConfig.scala	backend/src/main/scala/com/helio/api/http/CookieConfig.scala	com.helio.api	com.helio.api.http
backend/src/main/scala/com/helio/api/JsonProtocols.scala	backend/src/main/scala/com/helio/api/JsonProtocols.scala	com.helio.api	com.helio.api
backend/src/main/scala/com/helio/api/RequestValidation.scala	backend/src/main/scala/com/helio/api/http/RequestValidation.scala	com.helio.api	com.helio.api.http
backend/src/main/scala/com/helio/api/ResourceType.scala	backend/src/main/scala/com/helio/api/http/ResourceType.scala	com.helio.api	com.helio.api.http
backend/src/main/scala/com/helio/api/ResourceTypeRegistry.scala	backend/src/main/scala/com/helio/api/http/ResourceTypeRegistry.scala	com.helio.api	com.helio.api.http
backend/src/main/scala/com/helio/api/TopLevelErrorHandlers.scala	backend/src/main/scala/com/helio/api/http/TopLevelErrorHandlers.scala	com.helio.api	com.helio.api.http
backend/src/main/scala/com/helio/api/TraceContextDirective.scala	backend/src/main/scala/com/helio/api/http/TraceContextDirective.scala	com.helio.api	com.helio.api.http
backend/src/main/scala/com/helio/api/package.scala	backend/src/main/scala/com/helio/api/package.scala	com.helio.api	com.helio.api
backend/src/main/scala/com/helio/api/protocols/AgentMemoryProtocol.scala	backend/src/main/scala/com/helio/api/protocols/agents/AgentMemoryProtocol.scala	com.helio.api.protocols	com.helio.api.protocols.agents
backend/src/main/scala/com/helio/api/protocols/AgentPreferencesProtocol.scala	backend/src/main/scala/com/helio/api/protocols/agents/AgentPreferencesProtocol.scala	com.helio.api.protocols	com.helio.api.protocols.agents
backend/src/main/scala/com/helio/api/protocols/AlertEventProtocol.scala	backend/src/main/scala/com/helio/api/protocols/alerts/AlertEventProtocol.scala	com.helio.api.protocols	com.helio.api.protocols.alerts
backend/src/main/scala/com/helio/api/protocols/AlertRuleProtocol.scala	backend/src/main/scala/com/helio/api/protocols/alerts/AlertRuleProtocol.scala	com.helio.api.protocols	com.helio.api.protocols.alerts
backend/src/main/scala/com/helio/api/protocols/ApiTokenProtocol.scala	backend/src/main/scala/com/helio/api/protocols/auth/ApiTokenProtocol.scala	com.helio.api.protocols	com.helio.api.protocols.auth
backend/src/main/scala/com/helio/api/protocols/AssistantConversationProtocol.scala	backend/src/main/scala/com/helio/api/protocols/assistant/AssistantConversationProtocol.scala	com.helio.api.protocols	com.helio.api.protocols.assistant
backend/src/main/scala/com/helio/api/protocols/AssistantProposalToolSchemas.scala	backend/src/main/scala/com/helio/api/protocols/assistant/AssistantProposalToolSchemas.scala	com.helio.api.protocols	com.helio.api.protocols.assistant
backend/src/main/scala/com/helio/api/protocols/AssistantProtocol.scala	backend/src/main/scala/com/helio/api/protocols/assistant/AssistantProtocol.scala	com.helio.api.protocols	com.helio.api.protocols.assistant
backend/src/main/scala/com/helio/api/protocols/AuthProtocol.scala	backend/src/main/scala/com/helio/api/protocols/auth/AuthProtocol.scala	com.helio.api.protocols	com.helio.api.protocols.auth
backend/src/main/scala/com/helio/api/protocols/AuthoringConversationProtocol.scala	backend/src/main/scala/com/helio/api/protocols/proposals/AuthoringConversationProtocol.scala	com.helio.api.protocols	com.helio.api.protocols.proposals
backend/src/main/scala/com/helio/api/protocols/BetaAccessProtocol.scala	backend/src/main/scala/com/helio/api/protocols/auth/BetaAccessProtocol.scala	com.helio.api.protocols	com.helio.api.protocols.auth
backend/src/main/scala/com/helio/api/protocols/BoundPanelProtocol.scala	backend/src/main/scala/com/helio/api/protocols/panels/BoundPanelProtocol.scala	com.helio.api.protocols	com.helio.api.protocols.panels
backend/src/main/scala/com/helio/api/protocols/CombinedProposalProtocol.scala	backend/src/main/scala/com/helio/api/protocols/proposals/CombinedProposalProtocol.scala	com.helio.api.protocols	com.helio.api.protocols.proposals
backend/src/main/scala/com/helio/api/protocols/ConnectorProtocol.scala	backend/src/main/scala/com/helio/api/protocols/sources/ConnectorProtocol.scala	com.helio.api.protocols	com.helio.api.protocols.sources
backend/src/main/scala/com/helio/api/protocols/DashboardAuthoringProtocol.scala	backend/src/main/scala/com/helio/api/protocols/proposals/DashboardAuthoringProtocol.scala	com.helio.api.protocols	com.helio.api.protocols.proposals
backend/src/main/scala/com/helio/api/protocols/DashboardProposalProtocol.scala	backend/src/main/scala/com/helio/api/protocols/proposals/DashboardProposalProtocol.scala	com.helio.api.protocols	com.helio.api.protocols.proposals
backend/src/main/scala/com/helio/api/protocols/DashboardProtocol.scala	backend/src/main/scala/com/helio/api/protocols/dashboards/DashboardProtocol.scala	com.helio.api.protocols	com.helio.api.protocols.dashboards
backend/src/main/scala/com/helio/api/protocols/DataSourceConfigCodec.scala	backend/src/main/scala/com/helio/api/protocols/sources/DataSourceConfigCodec.scala	com.helio.api.protocols	com.helio.api.protocols.sources
backend/src/main/scala/com/helio/api/protocols/DataSourceProtocol.scala	backend/src/main/scala/com/helio/api/protocols/sources/DataSourceProtocol.scala	com.helio.api.protocols	com.helio.api.protocols.sources
backend/src/main/scala/com/helio/api/protocols/DataTypeProtocol.scala	backend/src/main/scala/com/helio/api/protocols/pipelines/DataTypeProtocol.scala	com.helio.api.protocols	com.helio.api.protocols.pipelines
backend/src/main/scala/com/helio/api/protocols/HookProtocol.scala	backend/src/main/scala/com/helio/api/protocols/hooks/HookProtocol.scala	com.helio.api.protocols	com.helio.api.protocols.hooks
backend/src/main/scala/com/helio/api/protocols/IdParsing.scala	backend/src/main/scala/com/helio/api/protocols/IdParsing.scala	com.helio.api.protocols	com.helio.api.protocols
backend/src/main/scala/com/helio/api/protocols/ImageUploadProtocol.scala	backend/src/main/scala/com/helio/api/protocols/sources/ImageUploadProtocol.scala	com.helio.api.protocols	com.helio.api.protocols.sources
backend/src/main/scala/com/helio/api/protocols/MetricProtocol.scala	backend/src/main/scala/com/helio/api/protocols/metrics/MetricProtocol.scala	com.helio.api.protocols	com.helio.api.protocols.metrics
backend/src/main/scala/com/helio/api/protocols/MfaProtocol.scala	backend/src/main/scala/com/helio/api/protocols/auth/MfaProtocol.scala	com.helio.api.protocols	com.helio.api.protocols.auth
backend/src/main/scala/com/helio/api/protocols/PaginationProtocol.scala	backend/src/main/scala/com/helio/api/protocols/PaginationProtocol.scala	com.helio.api.protocols	com.helio.api.protocols
backend/src/main/scala/com/helio/api/protocols/PanelCapabilityProtocol.scala	backend/src/main/scala/com/helio/api/protocols/panels/PanelCapabilityProtocol.scala	com.helio.api.protocols	com.helio.api.protocols.panels
backend/src/main/scala/com/helio/api/protocols/PanelProtocol.scala	backend/src/main/scala/com/helio/api/protocols/panels/PanelProtocol.scala	com.helio.api.protocols	com.helio.api.protocols.panels
backend/src/main/scala/com/helio/api/protocols/PatchSetApplyProtocol.scala	backend/src/main/scala/com/helio/api/protocols/patchsets/PatchSetApplyProtocol.scala	com.helio.api.protocols	com.helio.api.protocols.patchsets
backend/src/main/scala/com/helio/api/protocols/PatchSetPreviewProtocol.scala	backend/src/main/scala/com/helio/api/protocols/patchsets/PatchSetPreviewProtocol.scala	com.helio.api.protocols	com.helio.api.protocols.patchsets
backend/src/main/scala/com/helio/api/protocols/PatchSetProtocol.scala	backend/src/main/scala/com/helio/api/protocols/patchsets/PatchSetProtocol.scala	com.helio.api.protocols	com.helio.api.protocols.patchsets
backend/src/main/scala/com/helio/api/protocols/PatchSetUndoProtocol.scala	backend/src/main/scala/com/helio/api/protocols/patchsets/PatchSetUndoProtocol.scala	com.helio.api.protocols	com.helio.api.protocols.patchsets
backend/src/main/scala/com/helio/api/protocols/PermissionProtocol.scala	backend/src/main/scala/com/helio/api/protocols/auth/PermissionProtocol.scala	com.helio.api.protocols	com.helio.api.protocols.auth
backend/src/main/scala/com/helio/api/protocols/PipelineAnalyzeProposalProtocol.scala	backend/src/main/scala/com/helio/api/protocols/pipelines/PipelineAnalyzeProposalProtocol.scala	com.helio.api.protocols	com.helio.api.protocols.pipelines
backend/src/main/scala/com/helio/api/protocols/PipelineAnalyzeProtocol.scala	backend/src/main/scala/com/helio/api/protocols/pipelines/PipelineAnalyzeProtocol.scala	com.helio.api.protocols	com.helio.api.protocols.pipelines
backend/src/main/scala/com/helio/api/protocols/PipelineProposalProtocol.scala	backend/src/main/scala/com/helio/api/protocols/pipelines/PipelineProposalProtocol.scala	com.helio.api.protocols	com.helio.api.protocols.pipelines
backend/src/main/scala/com/helio/api/protocols/PipelineProtocol.scala	backend/src/main/scala/com/helio/api/protocols/pipelines/PipelineProtocol.scala	com.helio.api.protocols	com.helio.api.protocols.pipelines
backend/src/main/scala/com/helio/api/protocols/PipelineScheduleProtocol.scala	backend/src/main/scala/com/helio/api/protocols/pipelines/PipelineScheduleProtocol.scala	com.helio.api.protocols	com.helio.api.protocols.pipelines
backend/src/main/scala/com/helio/api/protocols/PipelineShapeProtocol.scala	backend/src/main/scala/com/helio/api/protocols/pipelines/PipelineShapeProtocol.scala	com.helio.api.protocols	com.helio.api.protocols.pipelines
backend/src/main/scala/com/helio/api/protocols/PipelineStepConfigCodec.scala	backend/src/main/scala/com/helio/api/protocols/pipelines/PipelineStepConfigCodec.scala	com.helio.api.protocols	com.helio.api.protocols.pipelines
backend/src/main/scala/com/helio/api/protocols/PipelineStepProtocol.scala	backend/src/main/scala/com/helio/api/protocols/pipelines/PipelineStepProtocol.scala	com.helio.api.protocols	com.helio.api.protocols.pipelines
backend/src/main/scala/com/helio/api/protocols/RefinementProtocol.scala	backend/src/main/scala/com/helio/api/protocols/patchsets/RefinementProtocol.scala	com.helio.api.protocols	com.helio.api.protocols.patchsets
backend/src/main/scala/com/helio/api/protocols/ResourceProtocol.scala	backend/src/main/scala/com/helio/api/protocols/ResourceProtocol.scala	com.helio.api.protocols	com.helio.api.protocols
backend/src/main/scala/com/helio/api/protocols/WorkspaceContextProtocol.scala	backend/src/main/scala/com/helio/api/protocols/workspace/WorkspaceContextProtocol.scala	com.helio.api.protocols	com.helio.api.protocols.workspace
backend/src/main/scala/com/helio/api/protocols/WorkspaceProtocol.scala	backend/src/main/scala/com/helio/api/protocols/workspace/WorkspaceProtocol.scala	com.helio.api.protocols	com.helio.api.protocols.workspace
backend/src/main/scala/com/helio/api/protocols/WorkspaceResourceSearchProtocol.scala	backend/src/main/scala/com/helio/api/protocols/workspace/WorkspaceResourceSearchProtocol.scala	com.helio.api.protocols	com.helio.api.protocols.workspace
backend/src/main/scala/com/helio/api/routes/AgentMemoryRoutes.scala	backend/src/main/scala/com/helio/api/routes/agents/AgentMemoryRoutes.scala	com.helio.api.routes	com.helio.api.routes.agents
backend/src/main/scala/com/helio/api/routes/AgentPreferencesRoutes.scala	backend/src/main/scala/com/helio/api/routes/agents/AgentPreferencesRoutes.scala	com.helio.api.routes	com.helio.api.routes.agents
backend/src/main/scala/com/helio/api/routes/AlertEventRoutes.scala	backend/src/main/scala/com/helio/api/routes/alerts/AlertEventRoutes.scala	com.helio.api.routes	com.helio.api.routes.alerts
backend/src/main/scala/com/helio/api/routes/AlertRuleRoutes.scala	backend/src/main/scala/com/helio/api/routes/alerts/AlertRuleRoutes.scala	com.helio.api.routes	com.helio.api.routes.alerts
backend/src/main/scala/com/helio/api/routes/ApiTokenRoutes.scala	backend/src/main/scala/com/helio/api/routes/auth/ApiTokenRoutes.scala	com.helio.api.routes	com.helio.api.routes.auth
backend/src/main/scala/com/helio/api/routes/AssistantConversationRoutes.scala	backend/src/main/scala/com/helio/api/routes/assistant/AssistantConversationRoutes.scala	com.helio.api.routes	com.helio.api.routes.assistant
backend/src/main/scala/com/helio/api/routes/AuthRoutes.scala	backend/src/main/scala/com/helio/api/routes/auth/AuthRoutes.scala	com.helio.api.routes	com.helio.api.routes.auth
backend/src/main/scala/com/helio/api/routes/AutoLayoutRoutes.scala	backend/src/main/scala/com/helio/api/routes/panels/AutoLayoutRoutes.scala	com.helio.api.routes	com.helio.api.routes.panels
backend/src/main/scala/com/helio/api/routes/BetaAccessRoutes.scala	backend/src/main/scala/com/helio/api/routes/auth/BetaAccessRoutes.scala	com.helio.api.routes	com.helio.api.routes.auth
backend/src/main/scala/com/helio/api/routes/BoundPanelRoutes.scala	backend/src/main/scala/com/helio/api/routes/panels/BoundPanelRoutes.scala	com.helio.api.routes	com.helio.api.routes.panels
backend/src/main/scala/com/helio/api/routes/CombinedProposalRoutes.scala	backend/src/main/scala/com/helio/api/routes/proposals/CombinedProposalRoutes.scala	com.helio.api.routes	com.helio.api.routes.proposals
backend/src/main/scala/com/helio/api/routes/ConnectorRoutes.scala	backend/src/main/scala/com/helio/api/routes/sources/ConnectorRoutes.scala	com.helio.api.routes	com.helio.api.routes.sources
backend/src/main/scala/com/helio/api/routes/DashboardAuthoringRoutes.scala	backend/src/main/scala/com/helio/api/routes/proposals/DashboardAuthoringRoutes.scala	com.helio.api.routes	com.helio.api.routes.proposals
backend/src/main/scala/com/helio/api/routes/DashboardContentsRoutes.scala	backend/src/main/scala/com/helio/api/routes/dashboards/DashboardContentsRoutes.scala	com.helio.api.routes	com.helio.api.routes.dashboards
backend/src/main/scala/com/helio/api/routes/DashboardProposalRoutes.scala	backend/src/main/scala/com/helio/api/routes/proposals/DashboardProposalRoutes.scala	com.helio.api.routes	com.helio.api.routes.proposals
backend/src/main/scala/com/helio/api/routes/DashboardRoutes.scala	backend/src/main/scala/com/helio/api/routes/dashboards/DashboardRoutes.scala	com.helio.api.routes	com.helio.api.routes.dashboards
backend/src/main/scala/com/helio/api/routes/DashboardSnapshotRoutes.scala	backend/src/main/scala/com/helio/api/routes/dashboards/DashboardSnapshotRoutes.scala	com.helio.api.routes	com.helio.api.routes.dashboards
backend/src/main/scala/com/helio/api/routes/DataSourcePreviewRoutes.scala	backend/src/main/scala/com/helio/api/routes/sources/DataSourcePreviewRoutes.scala	com.helio.api.routes	com.helio.api.routes.sources
backend/src/main/scala/com/helio/api/routes/DataSourceRoutes.scala	backend/src/main/scala/com/helio/api/routes/sources/DataSourceRoutes.scala	com.helio.api.routes	com.helio.api.routes.sources
backend/src/main/scala/com/helio/api/routes/DataTypeRoutes.scala	backend/src/main/scala/com/helio/api/routes/pipelines/DataTypeRoutes.scala	com.helio.api.routes	com.helio.api.routes.pipelines
backend/src/main/scala/com/helio/api/routes/HealthRoutes.scala	backend/src/main/scala/com/helio/api/routes/workspace/HealthRoutes.scala	com.helio.api.routes	com.helio.api.routes.workspace
backend/src/main/scala/com/helio/api/routes/HookRoutes.scala	backend/src/main/scala/com/helio/api/routes/hooks/HookRoutes.scala	com.helio.api.routes	com.helio.api.routes.hooks
backend/src/main/scala/com/helio/api/routes/MetricRoutes.scala	backend/src/main/scala/com/helio/api/routes/metrics/MetricRoutes.scala	com.helio.api.routes	com.helio.api.routes.metrics
backend/src/main/scala/com/helio/api/routes/MfaRoutes.scala	backend/src/main/scala/com/helio/api/routes/auth/MfaRoutes.scala	com.helio.api.routes	com.helio.api.routes.auth
backend/src/main/scala/com/helio/api/routes/OAuthRoutes.scala	backend/src/main/scala/com/helio/api/routes/auth/OAuthRoutes.scala	com.helio.api.routes	com.helio.api.routes.auth
backend/src/main/scala/com/helio/api/routes/PanelRoutes.scala	backend/src/main/scala/com/helio/api/routes/panels/PanelRoutes.scala	com.helio.api.routes	com.helio.api.routes.panels
backend/src/main/scala/com/helio/api/routes/PatchSetRoutes.scala	backend/src/main/scala/com/helio/api/routes/patchsets/PatchSetRoutes.scala	com.helio.api.routes	com.helio.api.routes.patchsets
backend/src/main/scala/com/helio/api/routes/PatchSetUndoRoutes.scala	backend/src/main/scala/com/helio/api/routes/patchsets/PatchSetUndoRoutes.scala	com.helio.api.routes	com.helio.api.routes.patchsets
backend/src/main/scala/com/helio/api/routes/PermissionRoutes.scala	backend/src/main/scala/com/helio/api/routes/auth/PermissionRoutes.scala	com.helio.api.routes	com.helio.api.routes.auth
backend/src/main/scala/com/helio/api/routes/PipelinePermissionRoutes.scala	backend/src/main/scala/com/helio/api/routes/auth/PipelinePermissionRoutes.scala	com.helio.api.routes	com.helio.api.routes.auth
backend/src/main/scala/com/helio/api/routes/PipelineProposalRoutes.scala	backend/src/main/scala/com/helio/api/routes/pipelines/PipelineProposalRoutes.scala	com.helio.api.routes	com.helio.api.routes.pipelines
backend/src/main/scala/com/helio/api/routes/PipelineRoutes.scala	backend/src/main/scala/com/helio/api/routes/pipelines/PipelineRoutes.scala	com.helio.api.routes	com.helio.api.routes.pipelines
backend/src/main/scala/com/helio/api/routes/PipelineRunHistoryRoutes.scala	backend/src/main/scala/com/helio/api/routes/pipelines/PipelineRunHistoryRoutes.scala	com.helio.api.routes	com.helio.api.routes.pipelines
backend/src/main/scala/com/helio/api/routes/PipelineRunRegistry.scala	backend/src/main/scala/com/helio/api/routes/pipelines/PipelineRunRegistry.scala	com.helio.api.routes	com.helio.api.routes.pipelines
backend/src/main/scala/com/helio/api/routes/PipelineRunStatusRoutes.scala	backend/src/main/scala/com/helio/api/routes/pipelines/PipelineRunStatusRoutes.scala	com.helio.api.routes	com.helio.api.routes.pipelines
backend/src/main/scala/com/helio/api/routes/PipelineRunStreamRoutes.scala	backend/src/main/scala/com/helio/api/routes/pipelines/PipelineRunStreamRoutes.scala	com.helio.api.routes	com.helio.api.routes.pipelines
backend/src/main/scala/com/helio/api/routes/PipelineRunSubmitRoutes.scala	backend/src/main/scala/com/helio/api/routes/pipelines/PipelineRunSubmitRoutes.scala	com.helio.api.routes	com.helio.api.routes.pipelines
backend/src/main/scala/com/helio/api/routes/PipelineScheduleRoutes.scala	backend/src/main/scala/com/helio/api/routes/pipelines/PipelineScheduleRoutes.scala	com.helio.api.routes	com.helio.api.routes.pipelines
backend/src/main/scala/com/helio/api/routes/PipelineShapeRoutes.scala	backend/src/main/scala/com/helio/api/routes/pipelines/PipelineShapeRoutes.scala	com.helio.api.routes	com.helio.api.routes.pipelines
backend/src/main/scala/com/helio/api/routes/PipelineStepRoutes.scala	backend/src/main/scala/com/helio/api/routes/pipelines/PipelineStepRoutes.scala	com.helio.api.routes	com.helio.api.routes.pipelines
backend/src/main/scala/com/helio/api/routes/PublicDashboardRoutes.scala	backend/src/main/scala/com/helio/api/routes/dashboards/PublicDashboardRoutes.scala	com.helio.api.routes	com.helio.api.routes.dashboards
backend/src/main/scala/com/helio/api/routes/PublicUploadRoutes.scala	backend/src/main/scala/com/helio/api/routes/sources/PublicUploadRoutes.scala	com.helio.api.routes	com.helio.api.routes.sources
backend/src/main/scala/com/helio/api/routes/RefinementRoutes.scala	backend/src/main/scala/com/helio/api/routes/patchsets/RefinementRoutes.scala	com.helio.api.routes	com.helio.api.routes.patchsets
backend/src/main/scala/com/helio/api/routes/ServiceResponse.scala	backend/src/main/scala/com/helio/api/routes/ServiceResponse.scala	com.helio.api.routes	com.helio.api.routes
backend/src/main/scala/com/helio/api/routes/SourcePreviewRoutes.scala	backend/src/main/scala/com/helio/api/routes/sources/SourcePreviewRoutes.scala	com.helio.api.routes	com.helio.api.routes.sources
backend/src/main/scala/com/helio/api/routes/SourceRoutes.scala	backend/src/main/scala/com/helio/api/routes/sources/SourceRoutes.scala	com.helio.api.routes	com.helio.api.routes.sources
backend/src/main/scala/com/helio/api/routes/UploadRoutes.scala	backend/src/main/scala/com/helio/api/routes/sources/UploadRoutes.scala	com.helio.api.routes	com.helio.api.routes.sources
backend/src/main/scala/com/helio/api/routes/WorkspaceRoutes.scala	backend/src/main/scala/com/helio/api/routes/workspace/WorkspaceRoutes.scala	com.helio.api.routes	com.helio.api.routes.workspace
backend/src/main/scala/com/helio/domain/AlertEventStateMachine.scala	backend/src/main/scala/com/helio/domain/engine/AlertEventStateMachine.scala	com.helio.domain	com.helio.domain.engine
backend/src/main/scala/com/helio/domain/AssertionResult.scala	backend/src/main/scala/com/helio/domain/model/AssertionResult.scala	com.helio.domain	com.helio.domain.model
backend/src/main/scala/com/helio/domain/Clock.scala	backend/src/main/scala/com/helio/domain/util/Clock.scala	com.helio.domain	com.helio.domain.util
backend/src/main/scala/com/helio/domain/Connector.scala	backend/src/main/scala/com/helio/domain/connectors/Connector.scala	com.helio.domain	com.helio.domain.connectors
backend/src/main/scala/com/helio/domain/ConnectorRegistry.scala	backend/src/main/scala/com/helio/domain/connectors/ConnectorRegistry.scala	com.helio.domain	com.helio.domain.connectors
backend/src/main/scala/com/helio/domain/CronSchedule.scala	backend/src/main/scala/com/helio/domain/util/CronSchedule.scala	com.helio.domain	com.helio.domain.util
backend/src/main/scala/com/helio/domain/DataSource.scala	backend/src/main/scala/com/helio/domain/model/DataSource.scala	com.helio.domain	com.helio.domain.model
backend/src/main/scala/com/helio/domain/ExpressionEvaluator.scala	backend/src/main/scala/com/helio/domain/engine/ExpressionEvaluator.scala	com.helio.domain	com.helio.domain.engine
backend/src/main/scala/com/helio/domain/InProcessPipelineEngine.scala	backend/src/main/scala/com/helio/domain/engine/InProcessPipelineEngine.scala	com.helio.domain	com.helio.domain.engine
backend/src/main/scala/com/helio/domain/Mfa.scala	backend/src/main/scala/com/helio/domain/model/Mfa.scala	com.helio.domain	com.helio.domain.model
backend/src/main/scala/com/helio/domain/Panel.scala	backend/src/main/scala/com/helio/domain/model/Panel.scala	com.helio.domain	com.helio.domain.model
backend/src/main/scala/com/helio/domain/PipelineAnalyzeService.scala	backend/src/main/scala/com/helio/domain/engine/PipelineAnalyzeService.scala	com.helio.domain	com.helio.domain.engine
backend/src/main/scala/com/helio/domain/PipelineRowJson.scala	backend/src/main/scala/com/helio/domain/engine/PipelineRowJson.scala	com.helio.domain	com.helio.domain.engine
backend/src/main/scala/com/helio/domain/PipelineSchemaDrift.scala	backend/src/main/scala/com/helio/domain/model/PipelineSchemaDrift.scala	com.helio.domain	com.helio.domain.model
backend/src/main/scala/com/helio/domain/PipelineStep.scala	backend/src/main/scala/com/helio/domain/model/PipelineStep.scala	com.helio.domain	com.helio.domain.model
backend/src/main/scala/com/helio/domain/RestApiConnector.scala	backend/src/main/scala/com/helio/domain/connectors/RestApiConnector.scala	com.helio.domain	com.helio.domain.connectors
backend/src/main/scala/com/helio/domain/SchemaInferenceEngine.scala	backend/src/main/scala/com/helio/domain/engine/SchemaInferenceEngine.scala	com.helio.domain	com.helio.domain.engine
backend/src/main/scala/com/helio/domain/SqlConnector.scala	backend/src/main/scala/com/helio/domain/connectors/SqlConnector.scala	com.helio.domain	com.helio.domain.connectors
backend/src/main/scala/com/helio/domain/WorkspaceResourceType.scala	backend/src/main/scala/com/helio/domain/model/WorkspaceResourceType.scala	com.helio.domain	com.helio.domain.model
backend/src/main/scala/com/helio/domain/model.scala	backend/src/main/scala/com/helio/domain/model/model.scala	com.helio.domain	com.helio.domain.model
backend/src/main/scala/com/helio/domain/package.scala	backend/src/main/scala/com/helio/domain/package.scala	com.helio.domain	com.helio.domain
backend/src/main/scala/com/helio/domain/pagination.scala	backend/src/main/scala/com/helio/domain/model/pagination.scala	com.helio.domain	com.helio.domain.model
backend/src/main/scala/com/helio/infrastructure/AgentMemoryRepository.scala	backend/src/main/scala/com/helio/infrastructure/persistence/agents/AgentMemoryRepository.scala	com.helio.infrastructure	com.helio.infrastructure.persistence.agents
backend/src/main/scala/com/helio/infrastructure/AgentPreferencesRepository.scala	backend/src/main/scala/com/helio/infrastructure/persistence/agents/AgentPreferencesRepository.scala	com.helio.infrastructure	com.helio.infrastructure.persistence.agents
backend/src/main/scala/com/helio/infrastructure/AlertEventRepository.scala	backend/src/main/scala/com/helio/infrastructure/persistence/alerts/AlertEventRepository.scala	com.helio.infrastructure	com.helio.infrastructure.persistence.alerts
backend/src/main/scala/com/helio/infrastructure/AlertRuleRepository.scala	backend/src/main/scala/com/helio/infrastructure/persistence/alerts/AlertRuleRepository.scala	com.helio.infrastructure	com.helio.infrastructure.persistence.alerts
backend/src/main/scala/com/helio/infrastructure/ApiTokenRepository.scala	backend/src/main/scala/com/helio/infrastructure/persistence/auth/ApiTokenRepository.scala	com.helio.infrastructure	com.helio.infrastructure.persistence.auth
backend/src/main/scala/com/helio/infrastructure/AssistantConversationRepository.scala	backend/src/main/scala/com/helio/infrastructure/persistence/assistant/AssistantConversationRepository.scala	com.helio.infrastructure	com.helio.infrastructure.persistence.assistant
backend/src/main/scala/com/helio/infrastructure/AssistantDailyUsageRepository.scala	backend/src/main/scala/com/helio/infrastructure/persistence/assistant/AssistantDailyUsageRepository.scala	com.helio.infrastructure	com.helio.infrastructure.persistence.assistant
backend/src/main/scala/com/helio/infrastructure/AuthoringConversationRepository.scala	backend/src/main/scala/com/helio/infrastructure/persistence/proposals/AuthoringConversationRepository.scala	com.helio.infrastructure	com.helio.infrastructure.persistence.proposals
backend/src/main/scala/com/helio/infrastructure/BinaryRefRepository.scala	backend/src/main/scala/com/helio/infrastructure/persistence/pipelines/BinaryRefRepository.scala	com.helio.infrastructure	com.helio.infrastructure.persistence.pipelines
backend/src/main/scala/com/helio/infrastructure/DashboardContentsOps.scala	backend/src/main/scala/com/helio/infrastructure/persistence/dashboards/DashboardContentsOps.scala	com.helio.infrastructure	com.helio.infrastructure.persistence.dashboards
backend/src/main/scala/com/helio/infrastructure/DashboardRepository.scala	backend/src/main/scala/com/helio/infrastructure/persistence/dashboards/DashboardRepository.scala	com.helio.infrastructure	com.helio.infrastructure.persistence.dashboards
backend/src/main/scala/com/helio/infrastructure/DashboardSnapshotRepository.scala	backend/src/main/scala/com/helio/infrastructure/persistence/dashboards/DashboardSnapshotRepository.scala	com.helio.infrastructure	com.helio.infrastructure.persistence.dashboards
backend/src/main/scala/com/helio/infrastructure/DataSourceRepository.scala	backend/src/main/scala/com/helio/infrastructure/persistence/sources/DataSourceRepository.scala	com.helio.infrastructure	com.helio.infrastructure.persistence.sources
backend/src/main/scala/com/helio/infrastructure/DataTypeRepository.scala	backend/src/main/scala/com/helio/infrastructure/persistence/pipelines/DataTypeRepository.scala	com.helio.infrastructure	com.helio.infrastructure.persistence.pipelines
backend/src/main/scala/com/helio/infrastructure/DataTypeRowRepository.scala	backend/src/main/scala/com/helio/infrastructure/persistence/pipelines/DataTypeRowRepository.scala	com.helio.infrastructure	com.helio.infrastructure.persistence.pipelines
backend/src/main/scala/com/helio/infrastructure/Database.scala	backend/src/main/scala/com/helio/infrastructure/persistence/Database.scala	com.helio.infrastructure	com.helio.infrastructure.persistence
backend/src/main/scala/com/helio/infrastructure/DbContext.scala	backend/src/main/scala/com/helio/infrastructure/persistence/DbContext.scala	com.helio.infrastructure	com.helio.infrastructure.persistence
backend/src/main/scala/com/helio/infrastructure/FileSystem.scala	backend/src/main/scala/com/helio/infrastructure/storage/FileSystem.scala	com.helio.infrastructure	com.helio.infrastructure.storage
backend/src/main/scala/com/helio/infrastructure/GcsFileSystem.scala	backend/src/main/scala/com/helio/infrastructure/storage/GcsFileSystem.scala	com.helio.infrastructure	com.helio.infrastructure.storage
backend/src/main/scala/com/helio/infrastructure/ImageUploadRepository.scala	backend/src/main/scala/com/helio/infrastructure/persistence/sources/ImageUploadRepository.scala	com.helio.infrastructure	com.helio.infrastructure.persistence.sources
backend/src/main/scala/com/helio/infrastructure/InviteCodeRepository.scala	backend/src/main/scala/com/helio/infrastructure/persistence/auth/InviteCodeRepository.scala	com.helio.infrastructure	com.helio.infrastructure.persistence.auth
backend/src/main/scala/com/helio/infrastructure/LocalFileSystem.scala	backend/src/main/scala/com/helio/infrastructure/storage/LocalFileSystem.scala	com.helio.infrastructure	com.helio.infrastructure.storage
backend/src/main/scala/com/helio/infrastructure/MdcPropagatingExecutionContext.scala	backend/src/main/scala/com/helio/infrastructure/concurrency/MdcPropagatingExecutionContext.scala	com.helio.infrastructure	com.helio.infrastructure.concurrency
backend/src/main/scala/com/helio/infrastructure/MetricRepository.scala	backend/src/main/scala/com/helio/infrastructure/persistence/metrics/MetricRepository.scala	com.helio.infrastructure	com.helio.infrastructure.persistence.metrics
backend/src/main/scala/com/helio/infrastructure/MfaRepository.scala	backend/src/main/scala/com/helio/infrastructure/persistence/auth/MfaRepository.scala	com.helio.infrastructure	com.helio.infrastructure.persistence.auth
backend/src/main/scala/com/helio/infrastructure/PanelMutationRepository.scala	backend/src/main/scala/com/helio/infrastructure/persistence/panels/PanelMutationRepository.scala	com.helio.infrastructure	com.helio.infrastructure.persistence.panels
backend/src/main/scala/com/helio/infrastructure/PanelRepository.scala	backend/src/main/scala/com/helio/infrastructure/persistence/panels/PanelRepository.scala	com.helio.infrastructure	com.helio.infrastructure.persistence.panels
backend/src/main/scala/com/helio/infrastructure/PanelRowMapper.scala	backend/src/main/scala/com/helio/infrastructure/persistence/panels/PanelRowMapper.scala	com.helio.infrastructure	com.helio.infrastructure.persistence.panels
backend/src/main/scala/com/helio/infrastructure/PatchSetApplicationRepository.scala	backend/src/main/scala/com/helio/infrastructure/persistence/patchsets/PatchSetApplicationRepository.scala	com.helio.infrastructure	com.helio.infrastructure.persistence.patchsets
backend/src/main/scala/com/helio/infrastructure/PipelineRepository.scala	backend/src/main/scala/com/helio/infrastructure/persistence/pipelines/PipelineRepository.scala	com.helio.infrastructure	com.helio.infrastructure.persistence.pipelines
backend/src/main/scala/com/helio/infrastructure/PipelineRunRepository.scala	backend/src/main/scala/com/helio/infrastructure/persistence/pipelines/PipelineRunRepository.scala	com.helio.infrastructure	com.helio.infrastructure.persistence.pipelines
backend/src/main/scala/com/helio/infrastructure/PipelineScheduleRepository.scala	backend/src/main/scala/com/helio/infrastructure/persistence/pipelines/PipelineScheduleRepository.scala	com.helio.infrastructure	com.helio.infrastructure.persistence.pipelines
backend/src/main/scala/com/helio/infrastructure/PipelineStepRepository.scala	backend/src/main/scala/com/helio/infrastructure/persistence/pipelines/PipelineStepRepository.scala	com.helio.infrastructure	com.helio.infrastructure.persistence.pipelines
backend/src/main/scala/com/helio/infrastructure/ResourcePermissionRepository.scala	backend/src/main/scala/com/helio/infrastructure/persistence/auth/ResourcePermissionRepository.scala	com.helio.infrastructure	com.helio.infrastructure.persistence.auth
backend/src/main/scala/com/helio/infrastructure/TokenHashing.scala	backend/src/main/scala/com/helio/infrastructure/crypto/TokenHashing.scala	com.helio.infrastructure	com.helio.infrastructure.crypto
backend/src/main/scala/com/helio/infrastructure/TotpSupport.scala	backend/src/main/scala/com/helio/infrastructure/persistence/auth/TotpSupport.scala	com.helio.infrastructure	com.helio.infrastructure.persistence.auth
backend/src/main/scala/com/helio/infrastructure/UserPreferenceRepository.scala	backend/src/main/scala/com/helio/infrastructure/persistence/auth/UserPreferenceRepository.scala	com.helio.infrastructure	com.helio.infrastructure.persistence.auth
backend/src/main/scala/com/helio/infrastructure/UserRepository.scala	backend/src/main/scala/com/helio/infrastructure/persistence/auth/UserRepository.scala	com.helio.infrastructure	com.helio.infrastructure.persistence.auth
backend/src/main/scala/com/helio/infrastructure/UserSessionRepository.scala	backend/src/main/scala/com/helio/infrastructure/persistence/auth/UserSessionRepository.scala	com.helio.infrastructure	com.helio.infrastructure.persistence.auth
backend/src/main/scala/com/helio/infrastructure/WorkspaceTeardownRepository.scala	backend/src/main/scala/com/helio/infrastructure/persistence/workspace/WorkspaceTeardownRepository.scala	com.helio.infrastructure	com.helio.infrastructure.persistence.workspace
backend/src/main/scala/com/helio/services/AccessChecker.scala	backend/src/main/scala/com/helio/services/auth/AccessChecker.scala	com.helio.services	com.helio.services.auth
backend/src/main/scala/com/helio/services/AgentMemoryService.scala	backend/src/main/scala/com/helio/services/agents/AgentMemoryService.scala	com.helio.services	com.helio.services.agents
backend/src/main/scala/com/helio/services/AgentPreferencesService.scala	backend/src/main/scala/com/helio/services/agents/AgentPreferencesService.scala	com.helio.services	com.helio.services.agents
backend/src/main/scala/com/helio/services/AlertEvaluationService.scala	backend/src/main/scala/com/helio/services/alerts/AlertEvaluationService.scala	com.helio.services	com.helio.services.alerts
backend/src/main/scala/com/helio/services/AlertEventService.scala	backend/src/main/scala/com/helio/services/alerts/AlertEventService.scala	com.helio.services	com.helio.services.alerts
backend/src/main/scala/com/helio/services/AlertRuleService.scala	backend/src/main/scala/com/helio/services/alerts/AlertRuleService.scala	com.helio.services	com.helio.services.alerts
backend/src/main/scala/com/helio/services/ApiTokenService.scala	backend/src/main/scala/com/helio/services/auth/ApiTokenService.scala	com.helio.services	com.helio.services.auth
backend/src/main/scala/com/helio/services/AssistantConversationService.scala	backend/src/main/scala/com/helio/services/assistant/AssistantConversationService.scala	com.helio.services	com.helio.services.assistant
backend/src/main/scala/com/helio/services/AssistantService.scala	backend/src/main/scala/com/helio/services/assistant/AssistantService.scala	com.helio.services	com.helio.services.assistant
backend/src/main/scala/com/helio/services/AssistantSystemPrompt.scala	backend/src/main/scala/com/helio/services/assistant/AssistantSystemPrompt.scala	com.helio.services	com.helio.services.assistant
backend/src/main/scala/com/helio/services/AssistantTelemetry.scala	backend/src/main/scala/com/helio/services/assistant/AssistantTelemetry.scala	com.helio.services	com.helio.services.assistant
backend/src/main/scala/com/helio/services/AssistantToolExecutor.scala	backend/src/main/scala/com/helio/services/assistant/AssistantToolExecutor.scala	com.helio.services	com.helio.services.assistant
backend/src/main/scala/com/helio/services/AuthService.scala	backend/src/main/scala/com/helio/services/auth/AuthService.scala	com.helio.services	com.helio.services.auth
backend/src/main/scala/com/helio/services/AuthoringConversationTurns.scala	backend/src/main/scala/com/helio/services/proposals/AuthoringConversationTurns.scala	com.helio.services	com.helio.services.proposals
backend/src/main/scala/com/helio/services/AuthoringError.scala	backend/src/main/scala/com/helio/services/proposals/AuthoringError.scala	com.helio.services	com.helio.services.proposals
backend/src/main/scala/com/helio/services/AuthoringHistoryBudget.scala	backend/src/main/scala/com/helio/services/proposals/AuthoringHistoryBudget.scala	com.helio.services	com.helio.services.proposals
backend/src/main/scala/com/helio/services/AuthoringOutcomeHelpers.scala	backend/src/main/scala/com/helio/services/proposals/AuthoringOutcomeHelpers.scala	com.helio.services	com.helio.services.proposals
backend/src/main/scala/com/helio/services/AuthoringTelemetry.scala	backend/src/main/scala/com/helio/services/proposals/AuthoringTelemetry.scala	com.helio.services	com.helio.services.proposals
backend/src/main/scala/com/helio/services/AutoLayoutService.scala	backend/src/main/scala/com/helio/services/panels/AutoLayoutService.scala	com.helio.services	com.helio.services.panels
backend/src/main/scala/com/helio/services/BetaAccessError.scala	backend/src/main/scala/com/helio/services/auth/BetaAccessError.scala	com.helio.services	com.helio.services.auth
backend/src/main/scala/com/helio/services/BetaAccessService.scala	backend/src/main/scala/com/helio/services/auth/BetaAccessService.scala	com.helio.services	com.helio.services.auth
backend/src/main/scala/com/helio/services/BoundPanelService.scala	backend/src/main/scala/com/helio/services/panels/BoundPanelService.scala	com.helio.services	com.helio.services.panels
backend/src/main/scala/com/helio/services/ChatAccessError.scala	backend/src/main/scala/com/helio/services/auth/ChatAccessError.scala	com.helio.services	com.helio.services.auth
backend/src/main/scala/com/helio/services/ChatAccessService.scala	backend/src/main/scala/com/helio/services/auth/ChatAccessService.scala	com.helio.services	com.helio.services.auth
backend/src/main/scala/com/helio/services/CombinedProposalService.scala	backend/src/main/scala/com/helio/services/proposals/CombinedProposalService.scala	com.helio.services	com.helio.services.proposals
backend/src/main/scala/com/helio/services/ConnectionTest.scala	backend/src/main/scala/com/helio/services/sources/ConnectionTest.scala	com.helio.services	com.helio.services.sources
backend/src/main/scala/com/helio/services/ContentSourceSupport.scala	backend/src/main/scala/com/helio/services/sources/ContentSourceSupport.scala	com.helio.services	com.helio.services.sources
backend/src/main/scala/com/helio/services/CreateSourceEnvelope.scala	backend/src/main/scala/com/helio/services/sources/CreateSourceEnvelope.scala	com.helio.services	com.helio.services.sources
backend/src/main/scala/com/helio/services/DashboardAuthoringParsing.scala	backend/src/main/scala/com/helio/services/proposals/DashboardAuthoringParsing.scala	com.helio.services	com.helio.services.proposals
backend/src/main/scala/com/helio/services/DashboardAuthoringPrompt.scala	backend/src/main/scala/com/helio/services/proposals/DashboardAuthoringPrompt.scala	com.helio.services	com.helio.services.proposals
backend/src/main/scala/com/helio/services/DashboardAuthoringService.scala	backend/src/main/scala/com/helio/services/proposals/DashboardAuthoringService.scala	com.helio.services	com.helio.services.proposals
backend/src/main/scala/com/helio/services/DashboardContentsService.scala	backend/src/main/scala/com/helio/services/dashboards/DashboardContentsService.scala	com.helio.services	com.helio.services.dashboards
backend/src/main/scala/com/helio/services/DashboardProposalService.scala	backend/src/main/scala/com/helio/services/proposals/DashboardProposalService.scala	com.helio.services	com.helio.services.proposals
backend/src/main/scala/com/helio/services/DashboardService.scala	backend/src/main/scala/com/helio/services/dashboards/DashboardService.scala	com.helio.services	com.helio.services.dashboards
backend/src/main/scala/com/helio/services/DashboardServiceValidation.scala	backend/src/main/scala/com/helio/services/dashboards/DashboardServiceValidation.scala	com.helio.services	com.helio.services.dashboards
backend/src/main/scala/com/helio/services/DataSourceCsvSupport.scala	backend/src/main/scala/com/helio/services/sources/DataSourceCsvSupport.scala	com.helio.services	com.helio.services.sources
backend/src/main/scala/com/helio/services/DataSourceService.scala	backend/src/main/scala/com/helio/services/sources/DataSourceService.scala	com.helio.services	com.helio.services.sources
backend/src/main/scala/com/helio/services/DataTypeService.scala	backend/src/main/scala/com/helio/services/pipelines/DataTypeService.scala	com.helio.services	com.helio.services.pipelines
backend/src/main/scala/com/helio/services/HookTriggerService.scala	backend/src/main/scala/com/helio/services/hooks/HookTriggerService.scala	com.helio.services	com.helio.services.hooks
backend/src/main/scala/com/helio/services/ImageSourceSupport.scala	backend/src/main/scala/com/helio/services/sources/ImageSourceSupport.scala	com.helio.services	com.helio.services.sources
backend/src/main/scala/com/helio/services/ImageUploadService.scala	backend/src/main/scala/com/helio/services/sources/ImageUploadService.scala	com.helio.services	com.helio.services.sources
backend/src/main/scala/com/helio/services/MetricService.scala	backend/src/main/scala/com/helio/services/metrics/MetricService.scala	com.helio.services	com.helio.services.metrics
backend/src/main/scala/com/helio/services/MfaService.scala	backend/src/main/scala/com/helio/services/auth/MfaService.scala	com.helio.services	com.helio.services.auth
backend/src/main/scala/com/helio/services/PanelCapabilityService.scala	backend/src/main/scala/com/helio/services/panels/PanelCapabilityService.scala	com.helio.services	com.helio.services.panels
backend/src/main/scala/com/helio/services/PanelPatchApplier.scala	backend/src/main/scala/com/helio/services/panels/PanelPatchApplier.scala	com.helio.services	com.helio.services.panels
backend/src/main/scala/com/helio/services/PanelService.scala	backend/src/main/scala/com/helio/services/panels/PanelService.scala	com.helio.services	com.helio.services.panels
backend/src/main/scala/com/helio/services/PanelServiceHelpers.scala	backend/src/main/scala/com/helio/services/panels/PanelServiceHelpers.scala	com.helio.services	com.helio.services.panels
backend/src/main/scala/com/helio/services/PatchSetApplyForward.scala	backend/src/main/scala/com/helio/services/patchsets/PatchSetApplyForward.scala	com.helio.services	com.helio.services.patchsets
backend/src/main/scala/com/helio/services/PatchSetApplyResolvers.scala	backend/src/main/scala/com/helio/services/patchsets/PatchSetApplyResolvers.scala	com.helio.services	com.helio.services.patchsets
backend/src/main/scala/com/helio/services/PatchSetApplyRollback.scala	backend/src/main/scala/com/helio/services/patchsets/PatchSetApplyRollback.scala	com.helio.services	com.helio.services.patchsets
backend/src/main/scala/com/helio/services/PatchSetApplyService.scala	backend/src/main/scala/com/helio/services/patchsets/PatchSetApplyService.scala	com.helio.services	com.helio.services.patchsets
backend/src/main/scala/com/helio/services/PatchSetApplyServiceJson.scala	backend/src/main/scala/com/helio/services/patchsets/PatchSetApplyServiceJson.scala	com.helio.services	com.helio.services.patchsets
backend/src/main/scala/com/helio/services/PatchSetApplyTypes.scala	backend/src/main/scala/com/helio/services/patchsets/PatchSetApplyTypes.scala	com.helio.services	com.helio.services.patchsets
backend/src/main/scala/com/helio/services/PatchSetPreviewImpact.scala	backend/src/main/scala/com/helio/services/patchsets/PatchSetPreviewImpact.scala	com.helio.services	com.helio.services.patchsets
backend/src/main/scala/com/helio/services/PatchSetPreviewProjection.scala	backend/src/main/scala/com/helio/services/patchsets/PatchSetPreviewProjection.scala	com.helio.services	com.helio.services.patchsets
backend/src/main/scala/com/helio/services/PatchSetPreviewProjectionSteps.scala	backend/src/main/scala/com/helio/services/patchsets/PatchSetPreviewProjectionSteps.scala	com.helio.services	com.helio.services.patchsets
backend/src/main/scala/com/helio/services/PatchSetPreviewService.scala	backend/src/main/scala/com/helio/services/patchsets/PatchSetPreviewService.scala	com.helio.services	com.helio.services.patchsets
backend/src/main/scala/com/helio/services/PatchSetUndoConflictCheck.scala	backend/src/main/scala/com/helio/services/patchsets/PatchSetUndoConflictCheck.scala	com.helio.services	com.helio.services.patchsets
backend/src/main/scala/com/helio/services/PatchSetUndoInverse.scala	backend/src/main/scala/com/helio/services/patchsets/PatchSetUndoInverse.scala	com.helio.services	com.helio.services.patchsets
backend/src/main/scala/com/helio/services/PatchSetUndoService.scala	backend/src/main/scala/com/helio/services/patchsets/PatchSetUndoService.scala	com.helio.services	com.helio.services.patchsets
backend/src/main/scala/com/helio/services/PatchSetUndoTypes.scala	backend/src/main/scala/com/helio/services/patchsets/PatchSetUndoTypes.scala	com.helio.services	com.helio.services.patchsets
backend/src/main/scala/com/helio/services/PdfTextSupport.scala	backend/src/main/scala/com/helio/services/sources/PdfTextSupport.scala	com.helio.services	com.helio.services.sources
backend/src/main/scala/com/helio/services/PermissionService.scala	backend/src/main/scala/com/helio/services/auth/PermissionService.scala	com.helio.services	com.helio.services.auth
backend/src/main/scala/com/helio/services/PipelinePermissionService.scala	backend/src/main/scala/com/helio/services/auth/PipelinePermissionService.scala	com.helio.services	com.helio.services.auth
backend/src/main/scala/com/helio/services/PipelineProposalService.scala	backend/src/main/scala/com/helio/services/pipelines/PipelineProposalService.scala	com.helio.services	com.helio.services.pipelines
backend/src/main/scala/com/helio/services/PipelineRunService.scala	backend/src/main/scala/com/helio/services/pipelines/PipelineRunService.scala	com.helio.services	com.helio.services.pipelines
backend/src/main/scala/com/helio/services/PipelineScheduleService.scala	backend/src/main/scala/com/helio/services/pipelines/PipelineScheduleService.scala	com.helio.services	com.helio.services.pipelines
backend/src/main/scala/com/helio/services/PipelineSchedulerService.scala	backend/src/main/scala/com/helio/services/pipelines/PipelineSchedulerService.scala	com.helio.services	com.helio.services.pipelines
backend/src/main/scala/com/helio/services/PipelineService.scala	backend/src/main/scala/com/helio/services/pipelines/PipelineService.scala	com.helio.services	com.helio.services.pipelines
backend/src/main/scala/com/helio/services/PipelineShapeService.scala	backend/src/main/scala/com/helio/services/pipelines/PipelineShapeService.scala	com.helio.services	com.helio.services.pipelines
backend/src/main/scala/com/helio/services/ProposalPanelSupport.scala	backend/src/main/scala/com/helio/services/proposals/ProposalPanelSupport.scala	com.helio.services	com.helio.services.proposals
backend/src/main/scala/com/helio/services/RefinementConversationTurns.scala	backend/src/main/scala/com/helio/services/patchsets/RefinementConversationTurns.scala	com.helio.services	com.helio.services.patchsets
backend/src/main/scala/com/helio/services/RefinementEditShape.scala	backend/src/main/scala/com/helio/services/patchsets/RefinementEditShape.scala	com.helio.services	com.helio.services.patchsets
backend/src/main/scala/com/helio/services/RefinementGrounding.scala	backend/src/main/scala/com/helio/services/patchsets/RefinementGrounding.scala	com.helio.services	com.helio.services.patchsets
backend/src/main/scala/com/helio/services/RefinementParsing.scala	backend/src/main/scala/com/helio/services/patchsets/RefinementParsing.scala	com.helio.services	com.helio.services.patchsets
backend/src/main/scala/com/helio/services/RefinementPrompt.scala	backend/src/main/scala/com/helio/services/patchsets/RefinementPrompt.scala	com.helio.services	com.helio.services.patchsets
backend/src/main/scala/com/helio/services/RefinementService.scala	backend/src/main/scala/com/helio/services/patchsets/RefinementService.scala	com.helio.services	com.helio.services.patchsets
backend/src/main/scala/com/helio/services/SchemaInferenceFacade.scala	backend/src/main/scala/com/helio/services/sources/SchemaInferenceFacade.scala	com.helio.services	com.helio.services.sources
backend/src/main/scala/com/helio/services/SecretField.scala	backend/src/main/scala/com/helio/services/auth/SecretField.scala	com.helio.services	com.helio.services.auth
backend/src/main/scala/com/helio/services/ServiceError.scala	backend/src/main/scala/com/helio/services/ServiceError.scala	com.helio.services	com.helio.services
backend/src/main/scala/com/helio/services/SourceConfigParsing.scala	backend/src/main/scala/com/helio/services/sources/SourceConfigParsing.scala	com.helio.services	com.helio.services.sources
backend/src/main/scala/com/helio/services/SourceService.scala	backend/src/main/scala/com/helio/services/sources/SourceService.scala	com.helio.services	com.helio.services.sources
backend/src/main/scala/com/helio/services/UserTierConfig.scala	backend/src/main/scala/com/helio/services/auth/UserTierConfig.scala	com.helio.services	com.helio.services.auth
backend/src/main/scala/com/helio/services/WorkspaceAssistantTools.scala	backend/src/main/scala/com/helio/services/workspace/WorkspaceAssistantTools.scala	com.helio.services	com.helio.services.workspace
backend/src/main/scala/com/helio/services/WorkspaceContextBudget.scala	backend/src/main/scala/com/helio/services/workspace/WorkspaceContextBudget.scala	com.helio.services	com.helio.services.workspace
backend/src/main/scala/com/helio/services/WorkspaceContextService.scala	backend/src/main/scala/com/helio/services/workspace/WorkspaceContextService.scala	com.helio.services	com.helio.services.workspace
backend/src/main/scala/com/helio/services/WorkspaceSearchService.scala	backend/src/main/scala/com/helio/services/workspace/WorkspaceSearchService.scala	com.helio.services	com.helio.services.workspace
backend/src/main/scala/com/helio/services/WorkspaceTeardownService.scala	backend/src/main/scala/com/helio/services/workspace/WorkspaceTeardownService.scala	com.helio.services	com.helio.services.workspace
backend/src/main/scala/com/helio/services/layout/PanelPacker.scala	backend/src/main/scala/com/helio/services/panels/PanelPacker.scala	com.helio.services.layout	com.helio.services.panels
