month,channel,signups,new_customers,mrr_added_usd
2025-01-01,Organic search,60,7,343
2025-01-01,Referral,39,7,413
2025-01-01,Paid ads,49,3,117
2025-01-01,Partnerships,15,4,516
2025-02-01,Organic search,68,8,392
2025-02-01,Referral,41,8,472
2025-02-01,Paid ads,48,3,117
2025-02-01,Partnerships,11,3,387
2025-03-01,Organic search,72,8,392
2025-03-01,Referral,39,7,413
2025-03-01,Paid ads,46,3,117
2025-03-01,Partnerships,12,3,387
2025-04-01,Organic search,72,8,392
2025-04-01,Referral,38,7,413
2025-04-01,Paid ads,50,4,156
2025-04-01,Partnerships,18,5,645
2025-05-01,Organic search,72,8,392
2025-05-01,Referral,40,8,472
2025-05-01,Paid ads,57,4,156
2025-05-01,Partnerships,23,6,774
2025-06-01,Organic search,76,9,441
2025-06-01,Referral,47,9,531
2025-06-01,Paid ads,65,5,195
2025-06-01,Partnerships,24,7,903
2025-07-01,Organic search,85,10,490
2025-07-01,Referral,54,10,590
2025-07-01,Paid ads,68,5,195
2025-07-01,Partnerships,21,6,774
2025-08-01,Organic search,93,11,539
2025-08-01,Referral,56,11,649
2025-08-01,Paid ads,67,5,195
2025-08-01,Partnerships,18,5,645
2025-09-01,Organic search,97,11,539
2025-09-01,Referral,54,10,590
2025-09-01,Paid ads,65,5,195
2025-09-01,Partnerships,19,5,645
2025-10-01,Organic search,97,11,539
2025-10-01,Referral,52,10,590
2025-10-01,Paid ads,69,5,195
2025-10-01,Partnerships,24,7,903
2025-11-01,Organic search,97,11,539
2025-11-01,Referral,55,11,649
2025-11-01,Paid ads,76,6,234
2025-11-01,Partnerships,29,8,1032
2025-12-01,Organic search,101,12,588
2025-12-01,Referral,61,12,708
2025-12-01,Paid ads,83,6,234
2025-12-01,Partnerships,30,9,1161
2026-01-01,Organic search,110,13,637
2026-01-01,Referral,68,13,767
2026-01-01,Paid ads,87,6,234
2026-01-01,Partnerships,27,8,1032
2026-02-01,Organic search,118,14,686
2026-02-01,Referral,71,14,826
2026-02-01,Paid ads,85,6,234
2026-02-01,Partnerships,24,7,903
2026-03-01,Organic search,123,14,686
2026-03-01,Referral,69,13,767
2026-03-01,Paid ads,84,6,234
2026-03-01,Partnerships,25,7,903
2026-04-01,Organic search,123,14,686
2026-04-01,Referral,67,13,767
2026-04-01,Paid ads,87,6,234
2026-04-01,Partnerships,30,9,1161
2026-05-01,Organic search,122,14,686
2026-05-01,Referral,69,13,767
2026-05-01,Paid ads,95,7,273
2026-05-01,Partnerships,36,10,1290
2026-06-01,Organic search,127,15,735
2026-06-01,Referral,76,15,885
2026-06-01,Paid ads,102,8,312
2026-06-01,Partnerships,37,11,1419
2026-07-01,Organic search,135,16,784
2026-07-01,Referral,83,16,944
2026-07-01,Paid ads,106,8,312
2026-07-01,Partnerships,33,9,1161
2026-08-01,Organic search,144,17,833
2026-08-01,Referral,85,17,1003
2026-08-01,Paid ads,104,8,312
2026-08-01,Partnerships,30,9,1161
2026-09-01,Organic search,148,17,833
2026-09-01,Referral,84,16,944
2026-09-01,Paid ads,103,8,312
2026-09-01,Partnerships,31,9,1161
2026-10-01,Organic search,148,17,833
2026-10-01,Referral,82,16,944
2026-10-01,Paid ads,106,8,312
2026-10-01,Partnerships,37,11,1419
2026-11-01,Organic search,148,17,833
2026-11-01,Referral,84,16,944
2026-11-01,Paid ads,114,9,351
2026-11-01,Partnerships,42,12,1548
2026-12-01,Organic search,152,18,882
2026-12-01,Referral,91,18,1062
2026-12-01,Paid ads,121,9,351
2026-12-01,Partnerships,43,12,1548
