date,service,incidents,avg_resolution_min,uptime_pct
2026-08-01,api-gateway,1,21,99.95
2026-08-01,billing,4,50,99.82
2026-08-01,search,3,53,99.85
2026-08-01,notifications,2,56,99.88
2026-08-02,api-gateway,4,35,99.82
2026-08-02,billing,3,38,99.85
2026-08-02,search,2,55,99.88
2026-08-02,notifications,0,55,99.95
2026-08-03,api-gateway,3,37,99.85
2026-08-03,billing,2,40,99.88
2026-08-03,search,1,43,99.91
2026-08-03,notifications,3,55,99.87
2026-08-04,api-gateway,2,25,99.88
2026-08-04,billing,1,42,99.91
2026-08-04,search,4,57,99.83
2026-08-04,notifications,2,57,99.9
2026-08-05,api-gateway,2,30,99.87
2026-08-05,billing,4,42,99.83
2026-08-05,search,3,45,99.86
2026-08-05,notifications,0,56,99.97
2026-08-06,api-gateway,5,44,99.79
2026-08-06,billing,3,44,99.86
2026-08-06,search,2,47,99.89
2026-08-06,notifications,0,47,99.96
2026-08-07,api-gateway,4,32,99.82
2026-08-07,billing,2,46,99.89
2026-08-07,search,0,46,99.96
2026-08-07,notifications,2,58,99.87
2026-08-08,api-gateway,3,34,99.85
2026-08-08,billing,1,34,99.92
2026-08-08,search,3,46,99.83
2026-08-08,notifications,1,60,99.95
2026-08-09,api-gateway,2,36,99.88
2026-08-09,billing,4,48,99.79
2026-08-09,search,2,48,99.91
2026-08-09,notifications,0,48,99.98
2026-08-10,api-gateway,5,36,99.75
2026-08-10,billing,3,36,99.87
2026-08-10,search,1,50,99.94
2026-08-10,notifications,0,53,99.97
2026-08-11,api-gateway,4,38,99.83
2026-08-11,billing,2,38,99.9
2026-08-11,search,0,38,99.97
2026-08-11,notifications,2,64,99.88
2026-08-12,api-gateway,3,40,99.86
2026-08-12,billing,0,37,99.97
2026-08-12,search,3,52,99.84
2026-08-12,notifications,1,52,99.91
2026-08-13,api-gateway,2,28,99.89
2026-08-13,billing,3,37,99.84
2026-08-13,search,2,54,99.87
2026-08-13,notifications,0,54,99.99
2026-08-14,api-gateway,4,39,99.8
2026-08-14,billing,2,39,99.87
2026-08-14,search,1,42,99.95
2026-08-14,notifications,0,45,99.98
2026-08-15,api-gateway,3,27,99.83
2026-08-15,billing,1,41,99.95
2026-08-15,search,0,44,99.98
2026-08-15,notifications,3,59,99.85
2026-08-16,api-gateway,2,29,99.91
2026-08-16,billing,0,29,99.98
2026-08-16,search,3,58,99.85
2026-08-16,notifications,2,61,99.88
2026-08-17,api-gateway,0,28,99.98
2026-08-17,billing,3,43,99.85
2026-08-17,search,2,46,99.88
2026-08-17,notifications,1,49,99.91
2026-08-18,api-gateway,3,28,99.85
2026-08-18,billing,2,45,99.88
2026-08-18,search,1,48,99.91
2026-08-18,notifications,1,54,99.95
2026-08-19,api-gateway,2,30,99.88
2026-08-19,billing,1,33,99.91
2026-08-19,search,0,36,99.99
2026-08-19,notifications,4,68,99.82
2026-08-20,api-gateway,1,32,99.91
2026-08-20,billing,0,35,99.99
2026-08-20,search,3,50,99.86
2026-08-20,notifications,3,56,99.85
2026-08-21,api-gateway,0,20,99.99
2026-08-21,billing,3,49,99.86
2026-08-21,search,2,52,99.89
2026-08-21,notifications,3,61,99.84
2026-08-22,api-gateway,2,31,99.9
2026-08-22,billing,2,37,99.89
2026-08-22,search,1,40,99.92
2026-08-22,notifications,2,63,99.87
2026-08-23,api-gateway,1,33,99.93
2026-08-23,billing,1,39,99.92
2026-08-23,search,1,45,99.91
2026-08-23,notifications,5,63,99.79
2026-08-24,api-gateway,0,21,99.96
2026-08-24,billing,0,27,99.95
2026-08-24,search,4,59,99.83
2026-08-24,notifications,4,65,99.82
2026-08-25,api-gateway,0,26,99.95
2026-08-25,billing,3,41,99.87
2026-08-25,search,3,47,99.86
2026-08-25,notifications,3,67,99.85
2026-08-26,api-gateway,2,37,99.91
2026-08-26,billing,2,43,99.9
2026-08-26,search,2,49,99.89
2026-08-26,notifications,2,55,99.88
2026-08-27,api-gateway,1,25,99.94
2026-08-27,billing,1,31,99.93
2026-08-27,search,1,51,99.92
2026-08-27,notifications,5,69,99.75
2026-08-28,api-gateway,0,27,99.97
2026-08-28,billing,1,36,99.92
2026-08-28,search,4,51,99.79
2026-08-28,notifications,4,57,99.83
2026-08-29,api-gateway,0,18,99.96
2026-08-29,billing,4,50,99.79
2026-08-29,search,3,53,99.87
2026-08-29,notifications,3,59,99.86
2026-08-30,api-gateway,3,32,99.83
2026-08-30,billing,3,38,99.87
2026-08-30,search,2,55,99.9
2026-08-30,notifications,2,61,99.89
2026-08-31,api-gateway,2,34,99.91
2026-08-31,billing,2,40,99.9
2026-08-31,search,1,43,99.93
2026-08-31,notifications,4,58,99.8
2026-09-01,api-gateway,1,22,99.94
2026-09-01,billing,1,42,99.93
2026-09-01,search,4,57,99.8
2026-09-01,notifications,3,60,99.83
2026-09-02,api-gateway,1,27,99.93
2026-09-02,billing,4,42,99.8
2026-09-02,search,3,45,99.83
2026-09-02,notifications,2,62,99.91
2026-09-03,api-gateway,4,41,99.8
2026-09-03,billing,3,44,99.83
2026-09-03,search,2,47,99.91
2026-09-03,notifications,0,47,99.98
2026-09-04,api-gateway,3,29,99.83
2026-09-04,billing,2,46,99.91
2026-09-04,search,1,49,99.94
2026-09-04,notifications,3,61,99.85
2026-09-05,api-gateway,2,31,99.91
2026-09-05,billing,1,34,99.94
2026-09-05,search,4,49,99.81
2026-09-05,notifications,1,60,99.92
2026-09-06,api-gateway,2,36,99.9
2026-09-06,billing,4,48,99.81
2026-09-06,search,3,51,99.84
2026-09-06,notifications,0,48,99.95
2026-09-07,api-gateway,5,36,99.77
2026-09-07,billing,3,36,99.84
2026-09-07,search,2,53,99.87
2026-09-07,notifications,0,53,99.99
2026-09-08,api-gateway,4,38,99.8
2026-09-08,billing,2,38,99.87
2026-09-08,search,0,38,99.99
2026-09-08,notifications,2,64,99.9
2026-09-09,api-gateway,3,40,99.83
2026-09-09,billing,1,40,99.95
2026-09-09,search,3,52,99.86
2026-09-09,notifications,1,52,99.93
2026-09-10,api-gateway,2,28,99.91
2026-09-10,billing,4,40,99.82
2026-09-10,search,2,54,99.89
2026-09-10,notifications,0,54,99.96
2026-09-11,api-gateway,5,42,99.78
2026-09-11,billing,3,42,99.85
2026-09-11,search,1,42,99.92
2026-09-11,notifications,0,45,99.95
2026-09-12,api-gateway,4,30,99.81
2026-09-12,billing,2,44,99.88
2026-09-12,search,0,44,99.95
2026-09-12,notifications,2,56,99.91
2026-09-13,api-gateway,3,32,99.84
2026-09-13,billing,0,29,99.95
2026-09-13,search,3,58,99.87
2026-09-13,notifications,1,58,99.94
2026-09-14,api-gateway,1,31,99.91
2026-09-14,billing,3,43,99.87
2026-09-14,search,2,46,99.9
2026-09-14,notifications,0,46,99.97
