date,game,hours_streamed,peak_viewers,new_followers,revenue_usd
2026-07-01,Starfall Racers,2.5,120,21,57.0
2026-07-02,Harbor Chef,4.0,224,45,112.9
2026-07-03,Mossgate Tactics,5.5,229,44,134.15
2026-07-04,Night Circuit,4.8,227,41,111.75
2026-07-05,Pixel Depths,6.2,190,40,117.7
2026-07-06,Starfall Racers,2.5,113,24,79.05
2026-07-07,Harbor Chef,4.0,193,36,98.55
2026-07-08,Pixel Depths,5.5,184,33,114.9
2026-07-09,Starfall Racers,3.2,213,43,93.75
2026-07-10,Harbor Chef,4.8,239,46,122.95
2026-07-11,Mossgate Tactics,4.0,216,39,120.6
2026-07-12,Night Circuit,5.5,254,51,125.4
2026-07-13,Pixel Depths,5.5,177,35,108.95
2026-07-14,Starfall Racers,3.2,182,34,107.4
2026-07-15,Night Circuit,4.8,247,44,122.25
2026-07-16,Pixel Depths,2.5,277,54,129.45
2026-07-17,Starfall Racers,4.0,228,44,103.8
2026-07-18,Harbor Chef,7.0,280,51,150.5
2026-07-19,Mossgate Tactics,4.8,189,40,115.95
2026-07-20,Night Circuit,4.8,241,47,116.65
2026-07-21,Pixel Depths,2.5,246,46,115.1
2026-07-22,Mossgate Tactics,4.0,236,42,131.1
2026-07-23,Night Circuit,5.5,341,66,159.35
2026-07-24,Pixel Depths,3.2,292,55,138.9
2026-07-25,Starfall Racers,6.2,269,49,131.35
2026-07-26,Harbor Chef,4.0,253,51,123.05
2026-07-27,Mossgate Tactics,4.0,230,45,125.5
2026-07-28,Night Circuit,5.5,256,48,126.1
2026-07-29,Harbor Chef,3.2,301,54,138.55
2026-07-30,Mossgate Tactics,4.8,330,64,168.8
2026-07-31,Night Circuit,2.5,356,67,146.6
2026-08-01,Pixel Depths,5.5,333,60,167.05
2026-08-02,Starfall Racers,7.0,242,49,126.7
2026-08-03,Harbor Chef,3.2,294,56,132.6
2026-08-04,Mossgate Tactics,4.8,245,46,135.55
2026-08-05,Starfall Racers,2.5,289,52,119.65
2026-08-06,Harbor Chef,4.0,340,66,157.0
2026-08-07,Mossgate Tactics,5.5,345,65,178.25
2026-08-08,Night Circuit,4.8,397,72,174.75
2026-08-09,Pixel Depths,6.2,306,61,161.8
2026-08-10,Starfall Racers,2.5,283,54,114.05
2026-08-11,Harbor Chef,4.0,309,57,142.65
2026-08-12,Pixel Depths,5.5,353,63,177.55
2026-08-13,Starfall Racers,3.2,329,64,137.85
2026-08-14,Harbor Chef,4.8,409,76,185.95
2026-08-15,Mossgate Tactics,4.0,332,60,164.7
2026-08-16,Night Circuit,5.5,370,72,169.5
2026-08-17,Pixel Depths,5.5,347,66,171.95
2026-08-18,Starfall Racers,3.2,298,55,123.5
2026-08-19,Night Circuit,4.8,417,75,185.25
2026-08-20,Pixel Depths,2.5,393,75,173.55
2026-08-21,Starfall Racers,4.0,398,74,166.8
2026-08-22,Harbor Chef,7.0,396,72,194.6
2026-08-23,Mossgate Tactics,4.8,359,70,178.95
2026-08-24,Night Circuit,4.8,357,68,160.75
2026-08-25,Pixel Depths,2.5,362,67,159.2
2026-08-26,Mossgate Tactics,4.0,406,73,166.1
2026-08-27,Night Circuit,5.5,457,87,203.45
2026-08-28,Pixel Depths,3.2,462,86,201.9
2026-08-29,Starfall Racers,6.2,385,70,175.45
